-- MySQL dump 10.16  Distrib 10.1.31-MariaDB, for Win32 (AMD64)
--
-- Host: localhost    Database: gitas_es
-- ------------------------------------------------------
-- Server version	10.1.31-MariaDB

/*!40101 SET @OLD_CHARACTER_SET_CLIENT=@@CHARACTER_SET_CLIENT */;
/*!40101 SET @OLD_CHARACTER_SET_RESULTS=@@CHARACTER_SET_RESULTS */;
/*!40101 SET @OLD_COLLATION_CONNECTION=@@COLLATION_CONNECTION */;
/*!40101 SET NAMES utf8 */;
/*!40103 SET @OLD_TIME_ZONE=@@TIME_ZONE */;
/*!40103 SET TIME_ZONE='+00:00' */;
/*!40014 SET @OLD_UNIQUE_CHECKS=@@UNIQUE_CHECKS, UNIQUE_CHECKS=0 */;
/*!40014 SET @OLD_FOREIGN_KEY_CHECKS=@@FOREIGN_KEY_CHECKS, FOREIGN_KEY_CHECKS=0 */;
/*!40101 SET @OLD_SQL_MODE=@@SQL_MODE, SQL_MODE='NO_AUTO_VALUE_ON_ZERO' */;
/*!40111 SET @OLD_SQL_NOTES=@@SQL_NOTES, SQL_NOTES=0 */;

--
-- Table structure for table `gp_admin_session_tokens`
--

DROP TABLE IF EXISTS `gp_admin_session_tokens`;
/*!40101 SET @saved_cs_client     = @@character_set_client */;
/*!40101 SET character_set_client = utf8 */;
CREATE TABLE `gp_admin_session_tokens` (
  `id` int(11) NOT NULL AUTO_INCREMENT,
  `user_id` int(11) NOT NULL,
  `token` text NOT NULL,
  `date_last_connected` datetime DEFAULT NULL,
  PRIMARY KEY (`id`)
) ENGINE=InnoDB AUTO_INCREMENT=809 DEFAULT CHARSET=utf8;
/*!40101 SET character_set_client = @saved_cs_client */;

--
-- Dumping data for table `gp_admin_session_tokens`
--

LOCK TABLES `gp_admin_session_tokens` WRITE;
/*!40000 ALTER TABLE `gp_admin_session_tokens` DISABLE KEYS */;
INSERT INTO `gp_admin_session_tokens` VALUES (1,1,'8Pa8Swbi5uan8XHeG1m1Zul3S57Wc5','2018-07-30 13:20:29'),(2,1,'zrWAH0tDi2QjeQ1JCHHE178ceI5RIo','2018-07-30 15:14:13'),(3,1,'Ffyt65IEpwdhuUTdKnSTqkdt6DhaNB','2018-07-30 15:17:03'),(4,1,'4djzY93421crXT68QvTLI7fkC5hHWn','2018-07-30 15:17:40'),(5,1,'6M6p95NnsMhMNGOUxyX2kU7wvnqctw','2018-07-30 15:18:43'),(6,1,'JGfqQqIgOfJpX4bcH2MQIOhj7o105j','2018-07-30 15:19:57'),(7,1,'zEzqEQCnFUZmU3Xd73ehYIoj9AYnga','2018-07-30 15:21:37'),(8,1,'xsgIXjezLLWsS6VR7WZFNykZ46COUY','2018-07-30 15:21:48'),(9,1,'1iQ5BEUYDao30PyUditjHYPuZIRW4Q','2018-07-30 15:34:15'),(10,1,'54DhDKZHhdm9UvS8kg4qhLRPqdNprN','2018-07-30 15:50:09'),(11,1,'n1fNbAsu187rEE3JVXOYyQWAKO8T2O','2018-07-30 15:50:11'),(12,1,'0fy6AWLJ3Jrq8WrXasTgbP8RMohuGe','2018-07-30 15:51:10'),(13,1,'oJSz26aRY9F7bMmTK7pkrTyupMnLBu','2018-07-30 15:51:57'),(14,1,'Y0ykvOr0cC5vghSRhXRxedBbzr1pLl','2018-07-30 15:51:58'),(15,1,'VcF5A53PJX1ZFvIZHI4Sov4jXTr65P','2018-07-30 15:52:06'),(16,1,'SETsL2iRqK9ed5SNNdJQR6X2bWel8U','2018-07-30 16:35:42'),(17,1,'JwraoUbUuuNhj6vc5skPXUbsLvfJht','2018-07-30 16:35:43'),(18,1,'MYpsCWkN9eH9UnxPQYw0oXPgkfzdCw','2018-07-30 16:35:58'),(19,1,'0SEzj9M4QZTorMrtd9qoNvoei4zaKL','2018-07-30 16:36:12'),(20,1,'kJyaAE2Y59SIjCFxhi0UKeDkrHZXDW','2018-07-30 16:36:16'),(21,1,'5fuJv9pwBL1ksmKqIdZG59N8DdMy5W','2018-07-30 16:36:25'),(22,1,'1Hn1RIikl0KG8ycegx9LUI1stZYSTL','2018-07-30 16:36:42'),(23,1,'INxvr7j5T4DMYnKRVMLm46FFk7wk9R','2018-07-30 19:54:52'),(24,1,'zTQ49dDrT0pMj6pmTRaz4clBaNSWLp','2018-07-30 19:54:58'),(25,1,'F05G2HMp1ZfHzurU8q3v1xcTWegD9r','2018-07-30 19:55:13'),(26,1,'1JyZfd57bAVSenfcL41ujv1YfmuAAx','2018-07-30 19:55:39'),(27,1,'HCjXqFa91zoMWLqjGqSDJUn8QaMM9d','2018-07-30 19:55:42'),(28,1,'t8nSFblMRfQctYekAer6u2YQJq9nnl','2018-07-31 13:59:25'),(29,1,'Rj8NqaXW19xL2rmDwHdmynnyBEQOha','2018-07-31 14:00:03'),(30,1,'AfQLyWyKFdJmkA1y9wbHfKx4CMKlxc','2018-07-31 14:00:06'),(31,1,'TW79JX0SyNwFXblWr5Znne2LfXEh81','2018-07-31 14:00:09'),(32,1,'RQOuis29pzEH6NKhS6jZOTSSIA34t8','2018-08-05 11:29:24'),(33,1,'Fbc29Vb4dvy4t04jzvR1oX9TxdzllM','2018-08-05 11:29:25'),(34,1,'0vYZJ3vMvuGlgO1mD6EIqzNVRHjhAl','2018-08-05 11:29:30'),(35,1,'KSzjxXeVHZUnqJ6EifK231zAe44ecU','2018-08-05 11:36:39'),(36,1,'DIK7ZIVn5LyEz6FNpzCnDoGUTobsDs','2018-08-05 11:36:41'),(37,1,'psuVy35vYfyPIwgPqs4lIKW5nAX1sV','2018-08-05 11:36:48'),(38,1,'iNFkbXXT9ZiGBZu25JKy4jFhYSmq6s','2018-08-05 11:36:49'),(39,1,'K2IkhKm29QmJHdGjcU2ReknE1aw7Ph','2018-08-05 11:42:10'),(40,1,'U7YpZtLXgvpBjUG32AHxlXMHPE7mrH','2018-08-05 11:42:15'),(41,1,'dVKHD3bpJGQ9mO7MNLOTZKAya9ui35','2018-08-05 11:42:17'),(42,1,'q2TU3pGyAEAe6DiNJJJeXa05PTs3HV','2018-08-05 11:42:19'),(43,1,'KN0HvA3ZXj89wjFPaCScjkcBq7HrrP','2018-08-05 11:42:21'),(44,1,'ncjpbvGCEGDOBmy1vwnJFytldBwWwF','2018-08-19 17:51:46'),(45,1,'gouNB9FJBC3vFTPh4tUealZP1TprlB','2018-08-19 17:51:48'),(46,1,'4fOw1w9PdsCMjFP2LDPmY4ZyDT7Wcs','2018-08-19 18:39:08'),(47,1,'H9Ut0TRVSzcafC9g2UCNqW8rzsHEpq','2018-08-19 18:39:19'),(48,1,'3S3S26Kc7RobfPJIZ2GLJcA4GlqxhK','2018-08-21 00:20:22'),(49,1,'pGkMGy49oPBMr2zcC0ViY9YcGLuR9E','2018-08-21 00:20:25'),(50,1,'xKs10XosPpQ7W3Mg0ifOT3J6eHPMKk','2018-08-21 00:21:35'),(51,1,'VQR6EEJfl0iGQ9hZ0PYBCBEPLNRIBJ','2018-08-21 00:21:36'),(52,1,'QukZYuBKfrQLDZNoNdG4HsK5xnlFmP','2018-08-21 00:23:04'),(53,1,'9yz7wW2GvJE3ZoP7U4IL9SpydSrq3v','2018-08-21 00:23:18'),(54,1,'Zza67Bdb7Q3Tc6m5l0VmOq7TqqTvDW','2018-08-21 00:23:27'),(55,1,'3XVx6VjcwSot5sNr8s36y62G9qlrHj','2018-08-21 00:23:28'),(56,1,'NE1woMnkhAhErGmvbYIIhTnDM97NFI','2018-08-21 00:24:33'),(57,1,'WreHmcVVd3IiV2wq2HZoIpY3GkuhMN','2018-08-21 00:24:35'),(58,1,'6ml2Unr93ed4Q5xaJGo3arhvuJUo0o','2018-08-21 00:29:18'),(59,1,'QgCUGF3d7zOcgk3jtazW8MM8QJA2N7','2018-08-21 00:29:19'),(60,1,'nVTisbT5KdS1o3BXpQI6FTgtwovWXY','2018-08-21 00:29:21'),(61,1,'gcwOTgk1wMy12qKvRbpvsfJujnL9N8','2018-08-21 00:30:18'),(62,1,'ITMdojy2ilt31EwuuOSFZE7SDGr8X8','2018-08-21 00:30:20'),(63,1,'9NIEJY9A9HAnfrGRSe0YUCOIFvy6up','2018-08-21 00:30:21'),(64,1,'cKkS2ThLKscQFW3FMtLUI0FrXk6nNd','2018-08-21 00:30:24'),(65,1,'eQ3hjgmY1PQi2XBVmL2JBXNrsKZ2xY','2019-01-25 01:19:59'),(66,1,'3qYR0J1uSQDreunX6zpaZX0TNIFEUw','2019-01-25 01:27:39'),(67,1,'RD8ElOrgyGMMTpDDqrNy8BsJgHVNFK','2019-01-25 01:28:35'),(68,1,'Us1WCNUh0N5m5kWSNPCmQ4eO5ukO2A','2019-01-25 01:28:45'),(69,1,'zj8a5uwGAlNLNt0ttqVMPTMC0hJgMT','2019-01-25 01:29:01'),(70,1,'1Jn3wP5axWsPIg7f2cR2kyX7qoU3ty','2019-01-25 01:29:38'),(71,1,'SG7Ah8eHPVPTdiLkSwlHi8FcNAGvOv','2019-01-25 01:29:39'),(72,1,'NFTTBWbdX1nFonK18buRlDvo5VHMIn','2019-01-25 01:30:25'),(73,1,'uFfQvy4NFlu6rQv0V4PFVvOI0BjNy7','2019-01-25 01:30:34'),(74,1,'CfRKSCzkz1DLLYhDGmdD1YjSntdcjw','2019-01-25 01:30:45'),(75,1,'GntPRKX04tC7beRKwl9uVUq6ZN6bbV','2019-01-25 01:31:07'),(76,1,'2IwGpJq3DLUvB7MN1Op6RtbBZr1m9u','2019-01-25 01:31:46'),(77,1,'erX1K9VCEXpJWYfwPAxzDh5VQaRT4D','2019-01-25 01:32:51'),(78,1,'ItTO23cRThC1DwUgmNWlWpmdQdewih','2019-01-25 01:33:04'),(79,1,'wAHoy8NM4f0TPbc5Aodt5DGQ0VbAS1','2019-01-25 01:35:02'),(80,1,'w354iYnQF7P2R2gaQP6nO1OQ6bgfAT','2019-01-25 01:35:22'),(81,1,'zLOt895cEE0rqqI8Wkay8rlaruAEiM','2019-01-25 01:35:34'),(82,1,'RopdLfzPw4IKpWADcKc0D77L55TJNe','2019-01-25 01:35:53'),(83,1,'z0PdQXOpuQ2omnmtFCyO9dGIxLd8Ow','2019-01-25 01:37:15'),(84,1,'mFhOIhG9ADbRtXMriGLX1C41Jwztmq','2019-01-25 01:37:17'),(85,1,'GC7iUkY9iF1jaos8o8cO6LdsxrHQeZ','2019-01-25 01:37:36'),(86,1,'b43UzpjCpXHuHHU9MRHoJ1TJiX79Ly','2019-01-25 01:37:51'),(87,1,'Lztk7XUbQS3KVY3pVpdG3z9ru1eIuz','2019-01-25 01:38:07'),(88,1,'swwaHwhH5jbXJmY76CR6mCMJBQqSdt','2019-01-25 01:38:16'),(89,1,'IZuEeFtYcnHCv76s9lCZJzKFigb90C','2019-01-25 01:38:23'),(90,1,'Nzmv4YTObSwet71MD9xNxc6PRirXWA','2019-01-25 01:38:41'),(91,1,'VzlkRQe6xxAFxkCIvjNreloknPIpkN','2019-01-25 01:39:26'),(92,1,'Gr2BvxLPol8N7cqZjx5ZiSBL6GPPtt','2019-01-25 01:39:38'),(93,1,'mP3hdT7cIvwKrcbR9DrSpILvKDXaXM','2019-01-25 01:39:47'),(94,1,'1mP7KVtaNmXfTlZPd4WBIJEHDKm6Yg','2019-01-25 01:39:47'),(95,1,'2ubDyavp1H3TCTc1HHVNccW6mplF4c','2019-01-25 01:39:54'),(96,1,'ip7r8YiMemmYFnjkMfhGNyCWxlQPGY','2019-01-25 01:39:55'),(97,1,'vEhSE70CxlR2xp1g8JSpo4Fitx7iPv','2019-01-25 01:40:55'),(98,1,'Eh62P8Qd9j6PRp2lsThevi2kyAvahb','2019-01-25 01:40:58'),(99,1,'t47vopv6uPeQLSKvj2socie2Ed8mD0','2019-01-25 01:40:59'),(100,1,'cDyZFa7M3gk0sf4o6n6AnUpHJ4dJ4q','2019-01-25 01:42:10'),(101,1,'UfiVdlOz7QuHxrmOJ20MlcpOBT0Aey','2019-01-25 01:42:12'),(102,1,'NlYp4vAfEtOPcuXOFqoNnp3cfwNZTB','2019-01-25 01:44:50'),(103,1,'OBLVOFgXqnOOuuNRaKP2NxTJIMjCPQ','2019-01-25 01:45:58'),(104,1,'UhdgDmC8ACYmbomhBFAPbmSsqy0iFc','2019-01-25 01:47:10'),(105,1,'NNqHTx0dOmPVADWXuB43Uj2iL4Rpf4','2019-01-25 01:47:29'),(106,1,'oRP067gm4RFcf1Vj2jB891dp67UrGI','2019-01-25 01:47:54'),(107,1,'QCMGdwlsnHujUq4XqXnQNJXtiD6Lw6','2019-01-25 01:47:55'),(108,1,'zAaCuOrG5UJWJRxOeFxUm4Zmnjves5','2019-01-25 12:28:03'),(109,1,'5MXXv2RHE6Toha8ai1D4azw9a0g6Hj','2019-01-25 12:28:05'),(110,1,'9Ygp5d3qk34B4gw3RHH4eY9MAKfour','2019-01-25 12:28:08'),(111,1,'1nbJoamxPR1heLzxxoha4qESLVNuV2','2019-01-25 12:32:16'),(112,1,'Mg72ZbjM9yI6nEPAR4xqWAcl7v4TgG','2019-01-25 12:32:22'),(113,1,'YLrBvg1dLhNZ0SfH4QVovUwA3FNzdc','2019-01-25 12:32:28'),(114,1,'ltd8tkh2ArNuvkZOLJnKr4L7DRTiv5','2019-01-25 12:32:29'),(115,1,'kG3WQTgIyMzbNrGit3B9hGZfzL7eT9','2019-01-25 12:32:33'),(116,1,'z3Qw2WbJZG1LgE6oiRWtEOhjl0BzfR','2019-01-25 13:47:40'),(117,1,'uBcl3fdWdSwPRGC3BDc1fng9lPsz79','2019-01-25 13:52:48'),(118,1,'HQILAVRZyguBBq0NTesFm2HkURq0ra','2019-01-25 13:53:14'),(119,1,'4wRx7u3WHfu8bqJb5FiWBq7rfmJsyw','2019-01-25 13:53:22'),(120,1,'jiluSKXlJDqGM33DHZXimJp2J0iFrD','2019-01-25 13:56:16'),(121,1,'wCrDEcK6pKygHHzVnNXtrZBtIuZ4r9','2019-01-25 13:56:30'),(122,1,'c8NFw5hLsrVcuVsG38JrihgvdeSHAU','2019-01-25 13:56:38'),(123,1,'ixQIwkBH0nS5xGC2MR54ZlOkJ84emu','2019-01-25 13:58:58'),(124,1,'iGsvOflrkWH2lWImksC9wKLV9wAY86','2019-01-25 13:58:59'),(125,1,'Q2fJYd5pGNgt1UqqMAqheEKBxpaKkZ','2019-01-25 13:59:44'),(126,1,'kiz0RYV1WIZoDwDBfn2BxLYC9VtxMK','2019-01-25 14:00:26'),(127,1,'pYV5C1h6KXVjFEZaGZfavoOgKS4jiO','2019-01-25 14:00:26'),(128,1,'D4cPWaGrehIyUnMscROGfhPkgBsXxE','2019-01-25 14:01:01'),(129,1,'4f8I4NI5sYXAaBo8cgWsGc445R0Edu','2019-01-25 14:01:01'),(130,1,'Wcmk87IiPeGIKIGQVFKf5CCAFGtK9h','2019-01-25 14:06:45'),(131,1,'gSu1OaTAGyvhuPhxHzh73O8XDbynE1','2019-01-25 14:06:46'),(132,1,'fYzgWL29wCUGj86TYpQPZPoW7oVw0O','2019-01-25 14:08:23'),(133,1,'ZD04WubUoESDn4zI6MsIr1T7EQq0QS','2019-01-25 14:08:24'),(134,1,'z4FXSx28zvj963NDXNN1H7Hn0nFzk7','2019-01-25 14:08:41'),(135,1,'B1q6djswV4MQSh9B3xfzS1ZuFUJtLH','2019-01-25 14:08:41'),(136,1,'gQYPwKwOhNrZh68WHT6kpHTRYitF3S','2019-01-25 14:09:32'),(137,1,'0LFoXOXxbyrcgtrX6qRENCM1WNwTuf','2019-01-25 14:09:33'),(138,1,'BSdNU9iozTlaY0Wl58PtsKdqbZBlVS','2019-01-25 14:09:58'),(139,1,'6hk5zx1untsJNryj00HUiVk59onFBM','2019-01-25 14:09:58'),(140,1,'zsXGxTthvO3HwHO5Xgrv5AVXbsMkje','2019-01-25 14:10:04'),(141,1,'FhMbBeXoes4ZTrXL7VGrAUrJV9b5sO','2019-01-25 14:10:05'),(142,1,'RDipcwPfXv3P8ehTg23cqNH3Vuq4LZ','2019-01-25 14:10:14'),(143,1,'Jchz1O1rToBVBC1zkwUPJblmumGUIo','2019-01-25 14:10:15'),(144,1,'wIDxu5UK0Sa62wWBIefzRSAE2nWqQU','2019-01-25 14:11:42'),(145,1,'wooKDOeoNmLk1mQF59s7P0kvHI2gX1','2019-01-25 14:11:42'),(146,1,'QcywCGA87mH23auXzeYTqjRzgXST3m','2019-01-25 14:19:51'),(147,1,'HpwR7VSM590Sikb6qPY4KzjpylkYPi','2019-01-25 14:19:51'),(148,1,'McHPSQxKsClyPxGUKLukOmPbg1B1DJ','2019-01-25 14:20:34'),(149,1,'6ylzaqzjLcq5zzLKoNlmU9pZXXM7AU','2019-01-25 14:20:34'),(150,1,'ZRkXhfsq45Esjb0yynMmbQjrverHNA','2019-01-25 14:20:49'),(151,1,'XfFFNFZbIB00nmEHlUkwYhAfpaM1tc','2019-01-25 14:20:50'),(152,1,'94xP9PD1jDLo4oVeyujSuTOGKtJj8M','2019-01-25 14:21:04'),(153,1,'9TzKAqlGPYXP56tVJPu2InnecG5lRa','2019-01-25 14:21:05'),(154,1,'q1RLu1Z4ANnH0PYy0jFS5773KbIirF','2019-01-25 14:21:25'),(155,1,'La5jj1oJruMQxGJoETMgxaTCzAQFQ9','2019-01-25 14:21:26'),(156,1,'j35zXIIQBmXJ8MNwFOmv3nD6c6QFKL','2019-01-25 14:22:06'),(157,1,'Mnifq7890pNbLbNaDduif9MruSRLiZ','2019-01-25 14:22:07'),(158,1,'a7nPUlkISwugylVmyPo9BqPe0vM6kG','2019-01-25 14:22:35'),(159,1,'DY5yyo4klnttCU3NBpKRMN8tnIFJh5','2019-01-25 14:22:35'),(160,1,'D9Lx8dYpEznWEDfHmYOGJV7pamWlRz','2019-01-25 14:24:11'),(161,1,'xRqlZo1Z359jWiPkLuOiokqoiUmlIw','2019-01-25 14:24:11'),(162,1,'Cl9J2P7a4yOLJXY7315kpwGkskmSTy','2019-01-25 14:24:21'),(163,1,'x1yjZ66p21uoNZlXlmqGUb88IrsfSp','2019-01-25 14:24:22'),(164,1,'eXVCVw7I6q5PKH1Me1Qe8J1DuS7Lmt','2019-01-25 14:24:22'),(165,1,'4RF0KjOJgiYJeg1c24K9F1WDUK9avv','2019-01-25 14:24:23'),(166,1,'3vctSVotcihSkqw5YM3APRrQew9PXU','2019-01-25 14:24:43'),(167,1,'VD8joGqAixVO1F7fi8V0NifvlK0hms','2019-01-25 14:24:43'),(168,1,'EUN6g0pZb1t3LbfuWdVinqmzRxl9v6','2019-01-25 14:25:00'),(169,1,'7F5NvePgHzXBZM6d8mJEratFw7liNM','2019-01-25 14:25:00'),(170,1,'RUyzzxyVNtUDPZ6n3WQTbncJbzWDva','2019-01-25 14:25:12'),(171,1,'wZCeVCQnTAxZ8313GM8G0LKNX9Q6s0','2019-01-25 14:25:12'),(172,1,'yRAIJwCiiDciqmhPtSFo5ZDnwkaCLu','2019-01-25 14:25:23'),(173,1,'a5CV1mjZOx3gdkqZAMNeXPYh0E4QI5','2019-01-25 14:25:24'),(174,1,'Oj8uesm9zcT0Hs8rTYalO3V0vrrVIP','2019-01-25 14:25:43'),(175,1,'mEZNaveViflH0DRrkWyL51oGatyXTI','2019-01-25 14:25:43'),(176,1,'RUpjQW67YYu2f8stoBfMopjxkYp899','2019-01-25 14:26:47'),(177,1,'Uctw1pcuEUfKss3sBvrjyTPkHzZLD4','2019-01-25 15:11:42'),(178,1,'RJ39yXjbe6557XJ9Vtt93CnJZ2H9PZ','2019-01-25 15:28:43'),(179,1,'B38y72hrrdtase00c9DdzMIlICUKyH','2019-01-25 15:28:43'),(180,1,'ZdJD99XXxt9gw1EG0jWKnbBrnpoj30','2019-01-25 15:28:46'),(181,1,'EDlg7nuUR0MmeWOVZcSnMJskwhXe1S','2019-01-25 15:29:01'),(182,1,'Vrp0kiAEXjQbMVdoyBOjMCjyzIuwOm','2019-01-25 15:29:02'),(183,1,'YebmrB7BHFSJg0WaUw1ZGEBwpR4msn','2019-01-25 15:30:00'),(184,1,'C0MESAC2FGBoGZjAdwoGTMsDzItvAB','2019-01-25 15:30:07'),(185,1,'il1swlacrwW0qS3w12ZWparDHUoZYz','2019-01-25 15:30:07'),(186,1,'tSWvFQQsdT4TE4mv6M5qlhfGlZai2J','2019-01-25 15:33:58'),(187,1,'c5h3J866U6xjEaUabWZbLHckeCnL0q','2019-01-25 15:34:05'),(188,1,'Li0nA2IpGSG9XEtKRrFbYevFJx2oDd','2019-01-25 15:34:05'),(189,1,'G9OyyR0kGP3gUm9pt5IBHjPMxqh0Ai','2019-01-25 15:36:39'),(190,1,'7oBbYkjS2OSIA6EaCSIUkbM05b1Mp6','2019-01-25 15:39:52'),(191,1,'XLdAxUXQBtCUv39dAc9nDE41AO0I0Z','2019-01-25 15:40:08'),(192,1,'w8wOJV6vj7kBTYoFHdQx043kfdAHbq','2019-01-25 15:40:34'),(193,1,'f2VWbAf4dCV2lr6Bckg8IMQdurjBSB','2019-01-25 15:40:42'),(194,1,'D5SoFThQ0oWCc4XbRG3vykjYRucYiC','2019-01-25 15:40:59'),(195,1,'alXAcf3zbiz33arpNhVwaTxz8M1ZZd','2019-01-25 15:41:32'),(196,1,'XPZ1nQ2rpU6aS7wdjtLj89n1GOWKWt','2019-01-25 15:41:56'),(197,1,'5tF0j7DjpmIf0GMlZ60df1egjnIm7B','2019-01-25 15:42:41'),(198,1,'s7Zyoc4JQhl3y3JMRco54w0gt6NRww','2019-01-25 15:47:32'),(199,1,'c6PdxLr5dGqOXOFkW8qWkuqMK8e3Oj','2019-01-25 15:48:05'),(200,1,'nh1am6eIyv2E1O0hQD97Azr3DsiUa9','2019-01-25 15:48:27'),(201,1,'dUecx2G2M0oSostlJozkWTgRx44Cf6','2019-01-25 15:49:27'),(202,1,'50NE8KHWoqNADYOY15VasOQhWXvXwN','2019-01-25 15:49:50'),(203,1,'vyqKHtbx9ofXLmuIICsw2d4FHZVtJA','2019-01-25 15:49:54'),(204,1,'fDnnJJ6BgSH2U9ERVCFIsGnPkNQj31','2019-01-25 15:49:57'),(205,1,'DPlHS8RPz690KNqD5SafVP2mw3ywra','2019-01-25 15:50:02'),(206,1,'TpJfx8SLXLYaA94j8vuskqy6dZfzOR','2019-01-25 15:54:11'),(207,1,'BQQYNb11luZbBNNnjCs5agKR2TgClp','2019-01-25 15:54:18'),(208,1,'jiay6w3bWF75XrLrLYBuz7sdeXdw87','2019-01-25 15:55:24'),(209,1,'U5eDO18HCrRUglkYDI0IuZXGqwBVrX','2019-01-25 15:55:28'),(210,1,'tw57RfJ2XDOzzmID2nuiMEngVEjQjS','2019-01-25 15:56:06'),(211,1,'b2zlWIjII840ZiN7X91MwduZbgC5Qy','2019-01-25 15:56:08'),(212,1,'nJCgNIivRzqvNSGoXB1yz8bsubAmPv','2019-01-25 15:56:11'),(213,1,'OqsCtfGLfdRtZYyA84UClJ86Igpcz4','2019-01-25 15:56:35'),(214,1,'LogrgswFZUD5YAXJ4OmywKilxHXR4e','2019-01-25 15:57:19'),(215,1,'5b5Ez0JVFbZmNVBzbr25AMGfXwOsY6','2019-01-25 15:57:32'),(216,1,'yU8poIRZWX0ZSQdy6byUtCxIp9aYz3','2019-01-25 15:58:26'),(217,1,'PCEWHlVvKgdfxDV7BnBUoeC5yENWHq','2019-01-25 15:58:33'),(218,1,'dAMBb86xyqumk7aA6o2he5TYuN3QwP','2019-01-25 15:58:46'),(219,1,'K2J6e0evRF7EVLZhc71BNzKG9m0v7d','2019-01-25 15:59:32'),(220,1,'7lPJFPvnda84YPCfK3kC7DB053uhCy','2019-01-25 16:00:13'),(221,1,'odJUwMZrq8cUFj2FbbpIuhtHJz71LV','2019-01-25 16:00:16'),(222,1,'JUgTWFEsECZ0A452paMk5R2ORgMuLu','2019-01-25 16:00:18'),(223,1,'ftEvBQa7JuStUn6AE7ccke4dFzgQ2s','2019-01-25 16:00:19'),(224,1,'WYsp5Bh7XRV3F7x1nAdyj27l9EHd9M','2019-01-25 16:00:20'),(225,1,'n6MEDWfKKMPEmVdGoCWSmXkCDXFAro','2019-01-25 16:00:21'),(226,1,'nl1kInqzEPZlk5a6eo51ytZuvBzEMb','2019-01-25 16:00:42'),(227,1,'ofcsEpvdCM1ozrrRQ7yGWJGYOOqiZ2','2019-01-25 16:00:44'),(228,1,'m77RpIAErLKpuxb9NVkm3szZdvbjlO','2019-01-25 16:00:45'),(229,1,'YykD3cYqJ4YAeDqc5YZHKKFzMhmcD4','2019-01-25 16:00:46'),(230,1,'4IFO8sJU8AC25MGxtUwrT3J6UMh5PL','2019-01-25 16:00:47'),(231,1,'fZN7viuE5EmAR1d6K1caH4wG40tIt4','2019-01-25 16:01:40'),(232,1,'aQ58eJ3GOwPk3hcQDh8MzWMYOzGXb0','2019-01-25 16:01:50'),(233,1,'M5caV4dw445LDTY0qyKarfDySeDH04','2019-01-25 16:01:50'),(234,1,'aGsP7c2T3RBQ8cY2wQ3hBMYv1g0tAN','2019-01-25 16:01:52'),(235,1,'ijqZij3350knP43kI3lMSPXyv6yawQ','2019-01-25 16:01:53'),(236,1,'dacp6YrCQrFNZHsVf99j1WwHlf6yDH','2019-01-25 16:01:54'),(237,1,'uj97cKFxplMjbZ5NgnIWn9DR5g4Y1q','2019-01-25 16:01:56'),(238,1,'2Kxc6xMyamZ7wpdIUNwmM25x6Wgn84','2019-01-25 16:06:35'),(239,1,'INKiUnZgw6vT6SDIol1CB3TwfCkneg','2019-01-25 16:06:52'),(240,1,'DFZjWgifuYiwpmdJK9BrAraf2r7aLh','2019-01-25 16:06:54'),(241,1,'L1CcXkXmozfcwIqcoV67sN1H2SAEyv','2019-01-25 16:06:56'),(242,1,'whoRGysIH41KZ4mZsP5J1o4fqVotlA','2019-01-25 16:06:57'),(243,1,'93vaT4PpeLfPcyQSf79BaqKJR6ngRw','2019-01-25 16:06:58'),(244,1,'I50peiATUEXhhyk8CnmzTl1Z5mKknz','2019-01-25 16:13:17'),(245,1,'M37XIt7KGT684PQFL3I0cSIE6i909x','2019-01-25 16:13:20'),(246,1,'a4YuIo2E5IE1SWgpJKsluf9mTuNgus','2019-01-25 16:13:39'),(247,1,'ortoABJjgFCmnQKac8mtMFqrSuOdBp','2019-01-25 16:13:50'),(248,1,'6JjJq9a12LTxvrIrOEtrCmgkxSiVdq','2019-01-25 16:13:51'),(249,1,'qRCCCCm2fO5h1tcBYt0qV5kPS0lsjo','2019-01-25 16:14:11'),(250,1,'39G8FVenHHpkAvSyd0New6Mo8jCvy4','2019-01-25 16:14:13'),(251,1,'wdZ7lYHwhnWEoQ8tgpusbIlgQtCWzD','2019-01-25 17:20:31'),(252,1,'RhlFi2RJNMA8zPWaQjcT2TDkQB0QHY','2019-01-25 17:21:49'),(253,1,'huAWLZlyplA66OWccLit9qSh6nKGny','2019-01-25 17:22:06'),(254,1,'WtDp4FD2N7OKEvt4NUCSXCE2MWvzCE','2019-01-25 17:22:07'),(255,1,'GiOix9v77WFYgzW4y1mPP6A17eKHug','2019-01-25 17:22:45'),(256,1,'o6WistPFUkSuAGwHyNx4nuiZPpvQCJ','2019-01-25 17:22:47'),(257,1,'XYWUcxcS0f3JP8oTtJaZkkqjcY1RG3','2019-01-25 17:27:28'),(258,1,'M0bwLSXykptFKudAvAJCTipVnRGbQk','2019-01-25 17:27:38'),(259,1,'wX0hIROaO93dL8UdqTQtA4XIzuOHWi','2019-01-25 17:28:29'),(260,1,'LDccQzTWrJHUD6NGnYmb1850Nf0WXx','2019-01-25 17:33:17'),(261,1,'n37lv3WitZeH5nv7zfKzJarDFWLnH9','2019-01-25 17:33:55'),(262,1,'PwR8JKeEJ82i6l8FXgChB0xcDWyP88','2019-01-25 17:33:55'),(263,1,'l6ZNOO7uJQNBd5SMB1jX0wqZFyYCGL','2019-01-25 17:33:58'),(264,1,'72JYMuq0GxPp2MuWnh7jiQFdh0wn0z','2019-01-25 17:34:11'),(265,1,'zEaraqus6R3j7BwFpegHUIHM2D54Ml','2019-01-25 17:34:14'),(266,1,'TAaxAuhNAStWTXuh3a6sJKqomNeslZ','2019-01-25 17:34:20'),(267,1,'OwDIlgF90KoaUoNZ3Bw5Ooc0K1dvSq','2019-01-25 17:35:03'),(268,1,'DTl0Augylt9yf4tBS38Ad9U0MUMPwo','2019-01-25 17:36:53'),(269,1,'G1UAr1ilYtxyOfveyqzzzLBxLVHcjS','2019-01-25 17:36:54'),(270,1,'9Nvgyola785qaB5fAc5aSAsTtfNFxZ','2019-01-25 17:37:04'),(271,1,'sHMcQ3WLTUGsRaY61TSHNpteMkC6xP','2019-01-25 17:37:08'),(272,1,'Gb0p2CynOPz48J8gR3haC3mpkeSaGg','2019-01-25 17:37:09'),(273,1,'PseQyrYj7peWJXTAt4c5zKsA3HZhdT','2019-01-25 17:37:17'),(274,1,'YO2ERSdzCgsE2UYInDBPB5Q17mqqsm','2019-01-25 17:37:40'),(275,1,'7I4VMxfDst9Hrro0z7oyiWsFsaxaMA','2019-01-25 17:39:42'),(276,1,'oyHFDjUz0PjnC9wPGIhfGqxUAnQ3Vw','2019-01-25 17:40:00'),(277,1,'IyKnacVGeL2QiThHXINNiZcpkhVjp5','2019-01-25 17:40:12'),(278,1,'5do2J5Rwm4LxQ2ywCIwWJ4Lr5D8ziz','2019-01-25 17:40:14'),(279,1,'nGPGYLboWKpbCDsuGqRMXarJCMBJyH','2019-01-25 17:41:22'),(280,1,'QR72YyVPzOrAFR98hAAku9KB2Dtgjf','2019-01-25 17:41:32'),(281,1,'jq2uXUBaGkl93EP0Mr6YBaJyrQbCQb','2019-01-25 17:42:42'),(282,1,'w16DwL3wK1mQxiZzrXIafqanrfg1OV','2019-01-25 17:42:45'),(283,1,'U42SppDu3JoQG73IgCIWhta1tXhSzs','2019-01-25 17:43:23'),(284,1,'t4ETjt2Har7M2BnhE7Pls0zk58IYkM','2019-01-25 17:43:24'),(285,1,'xiYaM7NL8dF1X2k0VbYcHKzNATGnvt','2019-01-25 17:43:46'),(286,1,'a68iM3HrAERm0rNdCBJaeSEmQuoH44','2019-01-25 17:43:47'),(287,1,'0Yg3BszhAt02bwWKayj8YDawFDZrTn','2019-01-25 17:43:51'),(288,1,'U7jHjxrdAUMuaNEoSeg7NLliOm41tH','2019-01-25 17:44:58'),(289,1,'MUucDsEifIUNihsmHAClxF5HoGYT7l','2019-01-25 17:45:00'),(290,1,'xj0RbIzQJlIF3vcgGiPCammTu9R6M8','2019-01-25 17:45:02'),(291,1,'UDDLpDEz4dIo7CnKa5PtYjFaMAXSwS','2019-01-25 17:46:07'),(292,1,'jPynZlO6v8tJW0aZs6sGqvBmD05Oq5','2019-01-25 17:46:07'),(293,1,'T4RMIX0BG25JKf2m3TeEkw4dgvwRtC','2019-01-25 17:46:13'),(294,1,'rjZdTWlvSFPqncVMQFAS9Du4xc7pEJ','2019-01-25 17:46:15'),(295,1,'9vssgWcgtyonhF69YiDmFRIikpMjxw','2019-01-25 17:46:16'),(296,1,'kcdAUIL2woMfruXoL1bkhpqq07g2Pu','2019-01-25 17:46:31'),(297,1,'Twj2ssuczcB928CcT2HHUjiQUKT0va','2019-01-25 17:46:35'),(298,1,'Q8XiMtLuOnt56bXxoDVQ78uOwFSX9a','2019-01-25 17:47:10'),(299,1,'VbOklKq6GcmeEg9pePqj2GHUo8KaGd','2019-01-25 17:47:53'),(300,1,'plTfMDr6e7CLt6XgGgyGKIR31R64z6','2019-01-25 17:48:48'),(301,1,'n8LXCYjLSKEVhXBh6X1tpX5PqDNuao','2019-01-25 17:49:03'),(302,1,'NOfg8HgUcwMjDaFD3ttmoGR19OnPgx','2019-01-25 17:49:04'),(303,1,'DOoVMUtXvJagwRCf3biTuPkaKvVSph','2019-01-25 17:49:13'),(304,1,'QQekdS3FRbwlzMqNSujxYHJ0WnXTpt','2019-01-25 17:49:15'),(305,1,'tjeDDR768m0AFzkZnXciTmatX6EByI','2019-01-25 17:49:43'),(306,1,'GSvfCEijdlDnSxub2xjtmng2wDQRKO','2019-01-25 17:49:45'),(307,1,'ignDvBx0VTmuetosPtKf5xG5OnHxGh','2019-01-25 17:49:49'),(308,1,'BaLcSzFbAWNddDELhJNogvjS8zo2jv','2019-01-25 17:49:50'),(309,1,'lh9YHFF7hzBm6kunGrRhaiaEM3Atub','2019-01-25 17:49:51'),(310,1,'NmYl7Az6itoPnZqvam7WgBFE4PZ3zA','2019-01-25 17:49:55'),(311,1,'TGuZ0P3GhIr73EHcnAVRA2RFuTGf7G','2019-01-25 19:09:53'),(312,1,'g7MwfqyqaDKM89ud05c5dL6Jbe7n7i','2019-01-25 19:10:08'),(313,1,'DnmIISuVhDBOYLI9Jj4LUmDkpm4c6E','2019-01-25 19:10:09'),(314,1,'tV4TozfZ1LBdOtLlyCQA75WoGtpQG8','2019-01-25 19:10:14'),(315,1,'hoSH8Tyt2qyVXsmR5Tv9v9WJb8vzD3','2019-01-25 19:11:55'),(316,1,'VjciqsSXGFpHkIA4TvLyppQ86C5ovg','2019-01-25 19:11:58'),(317,1,'wL2nysQSYkeuXj7Zib6yTCqiaxxr2S','2019-01-25 19:12:11'),(318,1,'RJS8JHJppnB360caCZsAqSXpl8skAD','2019-01-25 19:12:12'),(319,1,'a3Giqe8HV64RBJfFaTO3Rz5kpqs8vz','2019-01-25 19:12:14'),(320,1,'j9fJMYr1VfwiiSSTy4d0NOzoQqqtB8','2019-01-25 19:13:03'),(321,1,'3lQPHf6PMsm7adaXZCTWGX0ddQsWZQ','2019-01-25 19:13:09'),(322,1,'B8HaUXNf6Ds6FlFocOpD4e5JBbZQqt','2019-01-25 19:13:10'),(323,1,'G8fQaX7e3zRDbYHEedL2wYGrDj3QFa','2019-01-25 19:13:14'),(324,1,'FBbvBRO6E56w8ghJcJrgszOqEmSLaK','2019-01-25 19:13:17'),(325,1,'kfUiFFZe0DrAyiidPQv7E7QwKlEjAu','2019-01-25 19:13:18'),(326,1,'UqW7zQVckZqH0Sx4s4DoVgZ7x6BC1A','2019-01-25 19:13:27'),(327,1,'5u4xJ4OmmbkV5dK8DvMk1hgT6DZVYn','2019-01-25 19:13:28'),(328,1,'oamv75JTM0nnlEd9z2i7CvVGJ1JWcH','2019-01-25 19:13:32'),(329,1,'8bosjLB298magy6Q89hDRSCbFHNJij','2019-01-25 19:13:32'),(330,1,'4gvA8vU50zJGsvmkCMRQutkwO6we1b','2019-01-25 19:56:36'),(331,1,'VMwodfunqwe14tRxis2CC8A3Ju7iaQ','2019-01-25 20:02:01'),(332,1,'42dTp9NqN1Rj8USNcpAnRIZGB69Nu3','2019-01-25 20:02:03'),(333,1,'t5OvuAZ2l13ceeNPUE44d98IuVl8nH','2019-01-25 20:03:06'),(334,1,'qNZ4ydLXqVp4uo76QQ4giSqkHAEo8d','2019-01-25 20:03:07'),(335,1,'UQDRE7m1TOl57LLF71mqwG32RuvJH0','2019-01-25 20:03:36'),(336,1,'7Deu6HyHz7CAp25x9yK1nsnJFaFFY3','2019-01-25 20:03:38'),(337,1,'UOfHKdhY8jiCrlsC43m23SUo7ALQSG','2019-01-25 20:03:47'),(338,1,'WHqn5LUGZrXPTFVSWZOEOVKjNFU4HJ','2019-01-25 20:07:36'),(339,1,'CdzfHIG3koQAIOK4BPDgqOk7XlMgdy','2019-01-25 20:07:42'),(340,1,'v1oUnQLDNgYW0pvWp4VkziUlc9HYG1','2019-01-25 20:07:43'),(341,1,'efIO8vn38WH9Ufe2iZunS4iaqUhSOT','2019-01-25 20:07:44'),(342,1,'YLkBZWOzu5W8A8cBqCUQ1WiemBMvCI','2019-01-25 20:14:27'),(343,1,'xlCFyXaeMEAtj7bhxM7hugQX0alH17','2019-01-25 20:14:31'),(344,1,'XbsAjtweiBDemNKOlMX0lmJqXBYLMX','2019-01-25 20:15:07'),(345,1,'zM25RE84glwBJari1RHi706hKgKqse','2019-01-25 20:15:10'),(346,1,'XP93j4EphM281LXb8WWxNloQO5O9w3','2019-01-25 20:15:17'),(347,1,'YtKa0VSgm1TiiPlU1Vzl8jZlixOshv','2019-01-25 20:16:21'),(348,1,'oIdXOVcTQWJsqS7rpZ7OxzAdQdHwEs','2019-01-25 20:16:24'),(349,1,'o8z1pWZQuh5qMDemzWWak0qbpMJvvx','2019-01-25 20:17:24'),(350,1,'4KyHxnCYP1dOaFUKPGakDJp9nr7Um7','2019-01-25 20:17:28'),(351,1,'inAsrz3PfUhHyd5w0gGHZabcql5Q2K','2019-01-25 20:18:09'),(352,1,'u9ieXyeuTGn0cF1LZ1eC5llBym05Di','2019-01-25 20:18:12'),(353,1,'dlooPypJfVqHe8HA4lbmaaPhxn6uTw','2019-01-25 20:18:27'),(354,1,'iPlhBxfgIb2LxxjUabiNrl7FXZclNg','2019-01-25 20:18:29'),(355,1,'qV1R2B4OwooKP9TXPQc3Mn4CPRmjF6','2019-01-25 20:18:56'),(356,1,'pPryXUxErgU3mhpU5MzU1G2YWeOUIe','2019-01-25 20:18:58'),(357,1,'EVhue8h1TxJpYH9LBv0F1QS9oltPkA','2019-01-25 20:25:01'),(358,1,'7fue0afpKKmqnt7NDtql0nLhRkhAYx','2019-01-25 20:25:04'),(359,1,'ZHs7uWZihl4tZwjPRagJeuifqd54If','2019-01-25 20:25:49'),(360,1,'Ex2UFWLYdIfV4kd9fmpndn7FX42INZ','2019-01-25 20:25:52'),(361,1,'DDPGkXR2PKZMx0LxddnPmcoOadflLl','2019-01-25 20:26:10'),(362,1,'zOCSI15zjjGSKPtZ7g4wlXhtR1GxdZ','2019-01-25 20:26:13'),(363,1,'j4xJfGKOujk7pONmGPDh49sP0X3VkW','2019-01-25 20:26:24'),(364,1,'h7zzuIpCP8TpV1Qhc0RpZe86lwfyTv','2019-01-25 21:27:53'),(365,1,'RxhVVGNgRWuALcvMeXEXDbmNMvWxFz','2019-01-25 21:27:55'),(366,1,'oRylU2Fx4VN5n82MeyzZAJdPh1dXQ1','2019-01-25 21:28:50'),(367,1,'dweAQ2cFMjP8JKpLAuYVK5sM8bWgqa','2019-01-25 21:28:52'),(368,1,'oAJuMGO6Fv7Y47EkfXhXiWCStN6uHp','2019-01-25 21:29:03'),(369,1,'il0q3B7cbfRdAK2Q3lYzjh7LgHFsOC','2019-01-25 21:29:05'),(370,1,'30KdNrp8vw4rVkvcfTxfVtGRoDdzaB','2019-01-25 21:29:20'),(371,1,'2E802M1L0vNFpmVlvxuNkxbp1xSdzX','2019-01-25 21:29:21'),(372,1,'GkBo7UNOPCVdECWRTQhih99waJJESE','2019-01-25 21:29:37'),(373,1,'ojgbQLlBzgz5bExj5wQwd4eQK9nbKG','2019-01-25 21:29:38'),(374,1,'yK9PZQvsDskxfH2EU2PCE0xRegBD9e','2019-01-25 21:30:11'),(375,1,'C0etJDc6QW0OJ4IcgdKhsAN1261sZU','2019-01-25 21:30:13'),(376,1,'vR1TRtPVTnp692Rg3Wyj6yzhzZeTtX','2019-01-25 21:30:48'),(377,1,'m792wSkPxg3l8v8hYQU9l4zXqBgGjJ','2019-01-25 21:30:50'),(378,1,'95qnQDsV1uGtrSI3onSXpgA5ENXl1T','2019-01-25 21:32:45'),(379,1,'880Ay4Lk3mQj8YuaIze9wxUR5BlXhs','2019-01-25 21:32:46'),(380,1,'BvH3paQD3ogAxgqoRbjMNhx6QJO9DK','2019-01-25 21:32:58'),(381,1,'tQbtXfwDDvkG2BtegU7JzucctnoUgh','2019-01-25 21:32:59'),(382,1,'9qs3f9GwMKW69UnZDhZWIwV9iiht60','2019-01-25 21:33:56'),(383,1,'RtFR3tlaftDoqqBbSBiv75X07Mk8lP','2019-01-25 21:33:57'),(384,1,'UGd3c01EgYC9ULvG72pgaqL1HJc1Pn','2019-01-25 21:34:12'),(385,1,'sHpJmu5moX84KOlq3Fk0Ct7aBuWFF7','2019-01-25 21:34:13'),(386,1,'m2zNL6f2fup0XZLZJFTzR0bDVvdJy7','2019-01-25 21:34:34'),(387,1,'jjxNS1fXINDO5wBiGMDnPopdrQt6Ao','2019-01-25 21:34:35'),(388,1,'giAdOGRtKnsJlewXbCvi9WDucLOYeu','2019-01-25 21:35:06'),(389,1,'EQpr3862n4vT4p6tJBx4ayy7BCEyUg','2019-01-25 21:35:07'),(390,1,'FDEgvkwjE36M7XiBpxUWysqKDiqOcA','2019-01-25 21:35:08'),(391,1,'nuKbUDvO8mDfvqIjxDiHISMWB6WQ1G','2019-01-25 21:36:41'),(392,1,'CWtnruL1CB3foZE2vatkoJcVASVlfG','2019-01-25 21:36:42'),(393,1,'cvi5c63jtewpS1FEvR4PlModHn2qrQ','2019-01-25 21:36:58'),(394,1,'wgesznGTAowlnM6boAzLyAVACsLSpG','2019-01-25 21:36:59'),(395,1,'8tBQndD3JZx9zKNYv6iClziomKsAVX','2019-01-25 21:40:28'),(396,1,'jUHYIlzOgzvljaIQFwNUwF7Vo2tQvG','2019-01-25 21:40:32'),(397,1,'fVifc7BwzZAaFdpV4Q2OQKbBcVxwl8','2019-01-25 21:47:42'),(398,1,'OD3K0itjHaj8byU3udt5sexG5QiFF1','2019-01-25 21:47:43'),(399,1,'8LreaI3acxQu7dBJtPbXlLl54M3TXX','2019-01-25 21:49:24'),(400,1,'i6cmHVNPLVQxivIU2JUd3dKoiTTEte','2019-01-25 21:49:26'),(401,1,'akaX7HSCn23CVZUQUQoVLwBUZaC6uT','2019-01-25 21:49:44'),(402,1,'cPO3JLPywc879hTEMqH6Z6MONZ9anU','2019-01-25 21:49:46'),(403,1,'PYdMkbTJEQZQHS5WS6I7BDsMrbojsT','2019-01-25 21:49:49'),(404,1,'00U5m6Z9W0Qe818aDOoy0U9Upqa7JB','2019-01-25 21:50:16'),(405,1,'2UsbZd6duX7BTbjjEtKuMwds89FDhn','2019-01-25 21:50:18'),(406,1,'yZVjJY5cXmsf10xjeGqZvOznZwOZHG','2019-01-25 21:57:04'),(407,1,'YPv6oodzliorOMTFoh0iuMzcyzjjCi','2019-01-25 21:57:05'),(408,1,'VUXXlHiKaFiOHkF0azK3fF5rCVCDza','2019-01-25 21:57:36'),(409,1,'AaFVIoBgVxYAxx5MHe6lArGchzcguQ','2019-01-25 21:57:38'),(410,1,'ouBgr3nn9YK3Je7e6C4100xOqePRiO','2019-01-25 21:57:41'),(411,1,'kLe2fcMsqwpxExdsWgOPfkdAVzABpg','2019-01-25 21:58:13'),(412,1,'fOX133fZCazYP2w6X2iq09jvRhlawv','2019-01-25 21:58:17'),(413,1,'1ZJmk0aJzYLCxDVr8MncbVEQX9DRfo','2019-01-25 21:58:38'),(414,1,'E6NZaPunA0Ae0YL6a1zqPeJdU3u0Rd','2019-01-25 21:58:40'),(415,1,'XroTz6IUW73msvurCM8TevUBcngIsD','2019-01-25 21:58:42'),(416,1,'fuBIuutblnR625dCoX5icK2DMzQeDK','2019-01-25 21:58:47'),(417,1,'VRrwOTGtPWFQ6Bk8PMiiJug7yVfTRg','2019-01-25 22:01:08'),(418,1,'FMz5Ii7kHys2VxkKS8rTnu0pQNa6kn','2019-01-25 22:01:09'),(419,1,'bYLgAppz7TOG5ZvIBMTQ6Bmm9fwISc','2019-01-25 22:01:12'),(420,1,'Fw7NZdGw6aanke8kpOvVz0h1Uvh1QG','2019-01-25 23:05:52'),(421,1,'MWdHYJp6F4Rq9lYCYxlAcdxe54gHAK','2019-01-25 23:05:59'),(422,1,'iLzuCYuSG9MwDzmv7Rp7m9bqcmziUL','2019-01-25 23:06:34'),(423,1,'zkALRy5CPiu4GqAhWJR6DJIqqe6lfN','2019-01-25 23:06:35'),(424,1,'BwGSvxMZIW0qL70ziWdUneETqv0vn5','2019-01-25 23:06:38'),(425,1,'zpLu7Ru72lDd219edd6FwkGTm81YBR','2019-01-25 23:06:40'),(426,1,'nxjGEaMwFKukfMsyE51b6P3jiZkwD9','2019-01-25 23:06:42'),(427,1,'sv2rs6sUaGmeAfwnbigZsaVKSxmo6M','2019-01-25 23:06:45'),(428,1,'vgOpqLZZpkfZypI2BxZJRT9i4mvt9Y','2019-01-25 23:11:47'),(429,1,'lXRoXRXum04ibq7F8rLb7n94N4npHF','2019-01-25 23:11:48'),(430,1,'byT4p6QsIKDzpSeODDVnFziysHF0uU','2019-01-25 23:11:51'),(431,1,'UMhmB74KtbQMvOOlvbbnErAk5RQgtq','2019-01-25 23:11:52'),(432,1,'qt8cOaa99Irn8cP3Vf1vwEAjdTHqzN','2019-01-25 23:11:59'),(433,1,'ltDCbh6BhTOI3sNLefW8o1SCgohpNt','2019-01-25 23:12:02'),(434,1,'BfHuxcvzAPb73Ybl4cNFXcSQJuy2Oo','2019-01-25 23:12:08'),(435,1,'TpHGMmWEqot2UeCPM1Fgsu5orqEPIb','2019-01-25 23:12:11'),(436,1,'0m80wRRmc5gWwBRJvZNK1g2Es8OOqO','2019-01-25 23:12:31'),(437,1,'9rLFsslXmmZUrpEQMUpIBaHGhVNPGF','2019-01-25 23:12:33'),(438,1,'c75R5W57wFc5rEJTPPMrzgI0d0KgOa','2019-01-25 23:12:34'),(439,1,'gbapxZsN7tv9mCDyxjKvvxc3k178cD','2019-01-25 23:16:57'),(440,1,'wnjfJzw8g0wKnNUFcEPfTrvoQLvtOI','2019-01-25 23:16:58'),(441,1,'LPICpSSWHhM2ByBmbGQqZV168IFHWm','2019-01-25 23:17:03'),(442,1,'B3bkUMfX9x9gi1KJDoos5A5wWKLxnl','2019-01-25 23:19:02'),(443,1,'qzoIXtdMzAh9pyYjJ2EiIk6PUIsefc','2019-01-25 23:19:03'),(444,1,'nu8jQZaFdPGC9A58UqmBy7QrnsojRN','2019-01-25 23:19:09'),(445,1,'Z32mngvyn3Sr02hGbdzrh0kTOuStlU','2019-01-25 23:19:10'),(446,1,'GxKOGP4qLCMS73vZOWdsAQCDw87mCm','2019-01-25 23:19:13'),(447,1,'Twd98l0mtKi5pJSSP8vA1QUbnsdPTQ','2019-01-25 23:19:44'),(448,1,'QQxze8Uylm5BJ97fvBGB9Pq84isOtN','2019-01-25 23:19:45'),(449,1,'vP2PzQojTV20Jqys7DpS3x4kEZQHKj','2019-01-25 23:19:48'),(450,1,'k4HYQOXrZo88lQApPSeI3qvHn69MmO','2019-01-25 23:21:15'),(451,1,'FvuuZGNeXYfDsZVArVvHiVEV2Z3OET','2019-01-25 23:21:18'),(452,1,'IZ0KBMCEUzn3H9LoDk6eBrkiqCWlFv','2019-01-25 23:21:22'),(453,1,'VmTw2XQ8PrncDYZb440C4i7gzDMdIS','2019-01-25 23:23:19'),(454,1,'shX5WJvy5vcoPQk9Y802xgpsDtMcUm','2019-01-25 23:23:22'),(455,1,'bRhPPjyQ59asIiXZldZwShpvosHxZv','2019-01-25 23:23:26'),(456,1,'slZnOAAabu18RA9yPwqNH9e2ZHh9oJ','2019-01-25 23:23:27'),(457,1,'EeKMaNb4nuEbMnukckoeoNNdBnjmOL','2019-01-25 23:23:31'),(458,1,'TmuBE5Uve4X92PINfxv6f65jB5uWY4','2019-01-25 23:23:32'),(459,1,'q1Rla9SrGZHVOPrGKHCt1nIuNH4x8y','2019-01-25 23:24:36'),(460,1,'zVgvQbXwYx1O7EmQyo7m7uqJ9nE5qB','2019-01-25 23:24:38'),(461,1,'kjaGi6OEoCuRW00IqL7OpVLC2Q4Twd','2019-01-25 23:24:41'),(462,1,'qpMPoLXRptsyc28cs662K9rcNH7VF2','2019-01-25 23:24:45'),(463,1,'aTBZgolzaVVNCAqZbXNAwl8dYZCumS','2019-01-25 23:24:45'),(464,1,'QY003NhuE1msNju8ysrmyb8AQsRcFO','2019-01-25 23:24:51'),(465,1,'AKu1M9tVD4y6vCgf0Em1USi6gyRBK4','2019-01-25 23:25:30'),(466,1,'CgkIn29mhmaOCzhG8mQI1o4RFxPujJ','2019-01-25 23:25:32'),(467,1,'1lYFARDNDbwpjnajNpqEGcoKQteGrY','2019-01-25 23:25:37'),(468,1,'9piZHqVBFyZU6YLVROEtL7KHGWeYYU','2019-01-25 23:25:40'),(469,1,'NzzP3XA0LLvKTpkHf7KQNxnNLKQiNn','2019-01-25 23:25:42'),(470,1,'FKi1sMOJ7PqUpezYwLMppElUsfl14m','2019-01-25 23:25:42'),(471,1,'C66theQdDMTQ3c1ws06WVSPS7k9E87','2019-01-25 23:26:00'),(472,1,'m3pbqCy640FhGqrT0eWaZ2ZFQr8kMg','2019-01-25 23:26:01'),(473,1,'5eLc4H5x3RO050PfflnwWZ7gj15n9I','2019-01-25 23:26:05'),(474,1,'fdc3sUMfhWLwhWHENXYeFuaUdP2J1Y','2019-01-25 23:26:09'),(475,1,'R3QZ2ePEdY0D6olk1kXXrWxkDxnAyO','2019-01-25 23:26:14'),(476,1,'4HHbHpw78bSS4FwROveEknMOEzO1UF','2019-01-25 23:26:24'),(477,1,'Gb4MeFDpRMfehF9cSHoaUzzSSmB3MN','2019-01-25 23:26:28'),(478,1,'RH8QTvfVlPDnx5Vev9Z64RXhg6N0pJ','2019-01-25 23:26:36'),(479,1,'U5vhHfOWLoFllUOBtO0ecXTzXlHMaD','2019-01-25 23:26:40'),(480,1,'57KUm37FuH1e8wVGvmj4KE7RvqKIs5','2019-01-25 23:26:48'),(481,1,'tpNe8jKBRFL6riMr1bdEFyl5684hI4','2019-01-25 23:27:05'),(482,1,'ihvvqWHjczcpZSMLUJzCpz8waYvR2t','2019-01-25 23:27:06'),(483,1,'BOQZ8y2xzOEnuo11003uiQfFXvcldz','2019-01-25 23:27:08'),(484,1,'TpccGcasMib7qDv2q8b5oA70RD7LCX','2019-01-25 23:27:12'),(485,1,'HpvtMUnSlevTXw6TrH1ZYe3voA2hUJ','2019-01-25 23:27:14'),(486,1,'m9ealzRGDns1usm8HA01j6gptE2Gzd','2019-01-25 23:27:15'),(487,1,'fDSR6Ul7B0DInEmsbZ0KmxFLdW25gN','2019-01-25 23:27:24'),(488,1,'Pnd2XQwRs1Oi2nshR9iOwaxbsp9kFK','2019-01-25 23:27:27'),(489,1,'2yZ5AcRo6sGmsBLgpbMwrVb3wq9Leo','2019-01-25 23:27:29'),(490,1,'g9EfrXqY2KMddbjX1sQX5fyjKVyLHq','2019-01-25 23:27:30'),(491,1,'vKlnCLFkilSo3f0EBw4HAT8zVIoZTQ','2019-01-25 23:27:37'),(492,1,'R0zkf8X9J8SXxvC75lkZvXyE39lhwX','2019-01-25 23:27:42'),(493,1,'m6WI7SmijekuePhmUIDgbJDmA47TWm','2019-01-25 23:27:42'),(494,1,'mdDdGrAowemVYiq2y9ZATKxXcCgbAh','2019-01-25 23:28:34'),(495,1,'JrA1sfKdDeX4SV6qRoFUJ5a2qkI8qB','2019-01-25 23:28:36'),(496,1,'WzeNa8RF4aKkPN4d97U9XTz32H8Fgp','2019-01-25 23:28:38'),(497,1,'zdXAYrHuE8OQImgwcSk2gmZXkY3hLK','2019-01-25 23:28:43'),(498,1,'CJQNaDmNVSTLLDNIGYORB0n0JSZX7S','2019-01-25 23:28:45'),(499,1,'MoslWxZENgGd5IiwVdGJsAwEY68ETp','2019-01-25 23:28:45'),(500,1,'Fb6LJYrdNbzAmsDHAvabI8cB2E6rlx','2019-01-25 23:28:58'),(501,1,'RbfbJDXG0isUY8dBYDEq6uhbYGS032','2019-01-25 23:29:00'),(502,1,'YUaI794KxMetQfCHC5p4c76H349hIk','2019-01-25 23:29:00'),(503,1,'wlU2crbnHYgDRrAUvJHrYE4K3uNvHP','2019-01-25 23:29:04'),(504,1,'mRtUKI8hpinfns9e37Sb3NaeWPl5ea','2019-01-25 23:29:06'),(505,1,'R2B0GP40ErN811h9I6HfReSirgtlFt','2019-01-25 23:29:08'),(506,1,'hWEADHISJudogReFolFlt2kJer73n2','2019-01-25 23:29:08'),(507,1,'7UdaQU5AvpW9kIsRYX7oNx7RYQbIi7','2019-01-25 23:29:12'),(508,1,'qvwBpBe5m10xm5zhwhL4NDU3WowheB','2019-01-25 23:29:13'),(509,1,'IyQn47T7Yjxq4Twh6BZSfcfQdckYof','2019-01-25 23:29:13'),(510,1,'GWAhYSy67oHonswGfkpNeOw9UoBTxJ','2019-01-25 23:29:44'),(511,1,'76SLp3SNY8NAEd5hgywLYiw2jXjYp2','2019-01-25 23:29:46'),(512,1,'IczLfiygDVqHrsRoaBt8edoqUg6ETQ','2019-01-25 23:29:50'),(513,1,'6xbFo0eOZvtYGZve4v8SqQvsvMEiDT','2019-01-25 23:29:51'),(514,1,'B7h0puHseMjSvMdApdyG42t7fAtZKv','2019-01-25 23:29:52'),(515,1,'QPKJlZAfUhpZCVdVffSuass9bvjm29','2019-01-25 23:30:04'),(516,1,'b9Kq8Pn8j2P9FDnNeUOO23cJ35awTA','2019-01-25 23:30:07'),(517,1,'lGfgWh9NBI9CiMXnTILplb00O7aheA','2019-01-25 23:30:08'),(518,1,'y9de9zoMUFYaIv6kETG5Ab6n4F2iA3','2019-01-25 23:30:18'),(519,1,'FuZRL1SKfO47G3Vbj6hy9bvkdCWUI3','2019-01-25 23:30:21'),(520,1,'Bk9hbkg5HDh6sobLG7s1irNG9P9Upd','2019-01-25 23:30:21'),(521,1,'KzeqXTwg2NZCZ9DMCkZ1GcQsDNUd9W','2019-01-25 23:30:24'),(522,1,'CC67H443LWKxqIaeREi2g832DJviSK','2019-01-25 23:30:25'),(523,1,'O04yCIEVK1sjCL596F7SkNCXDDjnOf','2019-01-25 23:30:55'),(524,1,'tkDggk4CHgKZri0xY5CKWaWthf7Kvh','2019-01-25 23:30:57'),(525,1,'n4yDPotRZLj8opQKImnkmvstdRLInB','2019-01-25 23:31:00'),(526,1,'dC5L0nKkOeFr2GgI643J0vh3UbmPS0','2019-01-25 23:31:01'),(527,1,'tJTd0hY4c7VwAM4RjTIqU6GiNnNcIh','2019-01-25 23:31:01'),(528,1,'eFzExeuhsoz3DrKsePNUph6Tel5POr','2019-01-25 23:31:27'),(529,1,'Py4xz3VApgCtLFIywM8lvO2v8C5R2x','2019-01-25 23:31:28'),(530,1,'2xgMD0E8JVk9FX2OvRKTiVbQEEkK14','2019-01-25 23:31:29'),(531,1,'qHxnxsXRYXfXvyfmHSMMB7QPNqstOs','2019-01-25 23:38:03'),(532,1,'1uef0ZsCQ7F8bFrBCBlgSAZHWTZmNU','2019-01-25 23:38:06'),(533,1,'HWScZOUvvWPKqFqwOk6J2Co1dUxeS8','2019-01-25 23:38:09'),(534,1,'OsdivkvWrWP2rZ2pDRUU6ytnFt2ddy','2019-01-25 23:38:45'),(535,1,'nWdmpypF60dQFhOujFMuqoo8P1Fo6j','2019-01-25 23:38:48'),(536,1,'ngCRKfUFru2fvMzWOZz9riBJMmSj7J','2019-01-25 23:38:50'),(537,1,'XTtMRDVRSIMrtxg3XcKWb3fPC3Ezi9','2019-01-25 23:42:45'),(538,1,'kVTc6n9wEPWraheTX0ObY3Tuu7begJ','2019-01-25 23:42:46'),(539,1,'BjqsGIhvHBLIdogX43MYRnQui9F5HC','2019-01-25 23:42:50'),(540,1,'tR1snsgKLguNVhaCS6uBfnI6Yjpfcu','2019-01-25 23:43:04'),(541,1,'3JgVdsjnb3F7XiKheQxNyYfISnucSB','2019-01-25 23:43:30'),(542,1,'4BqmuqyIIyiU2cAAuyxqi7AjaWg2Lp','2019-01-25 23:43:32'),(543,1,'FSFRJoDuwQjs8Drre8KLjuQUiVzcS7','2019-01-25 23:43:36'),(544,1,'SfCy9cDJLbpNpzwRE7Ygi9uj2S03Ov','2019-01-25 23:43:41'),(545,1,'KEgfG8sJs0ryVSuxdkYo7KCMbexA5B','2019-01-25 23:43:42'),(546,1,'1qQWsALLsT2Eew4DcBFXvRNflcoXyH','2019-01-25 23:43:42'),(547,1,'dwT8UEd8gqdnZGwHWGFqYONU9s8uXc','2019-01-25 23:43:45'),(548,1,'N3Tzkr75wCTqajSFJvTrSqYVd1andi','2019-01-25 23:43:46'),(549,1,'gmiQ2PPoPcLsX1hg8Pjl6NTpFoRAh9','2019-01-25 23:46:50'),(550,1,'qoHwvkesI2R3QC6ojkqJ4eKcUqq7RA','2019-01-25 23:46:51'),(551,1,'QYP80EkCjWOSwZSStbvXu4kZ7hieFd','2019-01-25 23:46:53'),(552,1,'JoF8MaLtizLIuH0v91tpyWTn9oZoPj','2019-01-25 23:46:57'),(553,1,'hCiMXq5bJ5KZnFPrdENqOFFP7Or00l','2019-01-25 23:46:58'),(554,1,'IvT1m1T6XWfhRjb9LzGQ8Rwf4tkUhm','2019-01-25 23:49:31'),(555,1,'lDNyfeEsL6MDngLGSYx5O0BsCTEAG8','2019-01-25 23:49:32'),(556,1,'ImEQD9f0GmwI0cz9cCqodm8LRRbM3M','2019-01-25 23:49:34'),(557,1,'ZwmwCPCLGZXbNt1IbbT9rRIByblTgH','2019-01-25 23:49:35'),(558,1,'55gyHNCcXV8CDJFJfVGcbTkiurjl8E','2019-01-25 23:49:42'),(559,1,'5CHtgQpFDpbayX2DcmJA2YQwMlIqi5','2019-01-25 23:49:42'),(560,1,'CRl1yhpVrhk8I0Kl97R1xBVPXL2UGa','2019-01-26 00:12:01'),(561,1,'TVhINDECENuSxhD7T2EoBbzmBuPwpA','2019-01-26 00:12:03'),(562,1,'IafDLoGd3Qu5MXmusEb3ToC737cKNW','2019-01-26 00:12:11'),(563,1,'4eWCDOUtkZzWfq5OWHivvtFvKvjKyE','2019-01-26 00:12:14'),(564,1,'IBboQp0wUYPOHFxt6104VvaO1lI1xR','2019-01-26 00:14:19'),(565,1,'pGoHdqxex6drmVynx1lQR9CprjanbA','2019-01-26 00:15:02'),(566,1,'DxLsmUaN3teLbgTknSHcKveEwk5RW2','2019-01-26 00:15:06'),(567,1,'fkMnpNNCDORJlFnuHs1C5kDuue7hpK','2019-01-26 00:15:35'),(568,1,'Bv2iHFWmCNN3YTns8s76hO0uNNaNpK','2019-01-26 00:15:51'),(569,1,'UE4E2oKztmo9zOT0q9Pp5n1qNoLMFB','2019-01-26 00:16:12'),(570,1,'xvrMcc5m9A0eWzAk00Q3MSbCLnC7Rp','2019-01-26 00:16:14'),(571,1,'aVsDGTEQXoxS9JT0wj8ZIvxPiYRnug','2019-01-26 00:16:16'),(572,1,'YrQOlgr0WTNNEgS9WIa3bVzAfzCub6','2019-01-26 00:16:16'),(573,1,'6DoZrTWhFpmbYx2AfAkzehpezrkhOn','2019-01-26 00:18:01'),(574,1,'MrwnywQkcbrLi2RgseA5COz6nukeef','2019-01-26 00:18:11'),(575,1,'XuASgexUjAtOGorjDGX9W1Z94jiVTY','2019-01-26 00:18:12'),(576,1,'Io6Nlog54yKHm9k5GWN0HhtCs1Vjx4','2019-01-26 00:18:14'),(577,1,'yXtMFeEKy0UvNjYauz1UgPVknLhSAF','2019-01-26 00:19:14'),(578,1,'Yb8C3S7OAtoOuhMnLDqp5FUG2uOJz3','2019-01-26 00:19:43'),(579,1,'FPJaPdHSi3jgqoWOmcsQGKrTVGwAwL','2019-01-26 00:19:44'),(580,1,'DhEASH2rfAcJsgby5JzEDPeGcfVmdX','2019-01-26 00:20:28'),(581,1,'qicMIk7HuQAbMgk3S8GdSAFDumPccJ','2019-01-26 00:21:23'),(582,1,'WPZ2QCdobFwV47iAWsMEn2L0ED3i6k','2019-01-26 00:21:24'),(583,1,'LFmLZTeUaPEVGBKS5qaUjHf862NW1c','2019-01-26 00:21:26'),(584,1,'hiDvyBEOiHJL9Ls5A4f5kAKdSv831O','2019-01-26 00:21:27'),(585,1,'UAQsRnkSESOK6czC8p43u4UCU7BUec','2019-01-26 00:21:29'),(586,1,'yXE2q60xkY7jMRlL7pUaYuhwLzhaKj','2019-01-26 00:21:30'),(587,1,'7ExK1BxKdC1aJRzRXGH3DnmsteRdIJ','2019-01-26 00:22:07'),(588,1,'hoBdsJTHlh6RnD4eVIfeBePt8jticf','2019-01-26 00:22:08'),(589,1,'bXXXeTRuI13HpBtWwQccamhseEF4Sn','2019-01-26 00:22:11'),(590,1,'Z9hGH5e11jjSxk4UadtSRY5Dv2OfvJ','2019-01-26 00:22:13'),(591,1,'IbdC4gdFcsasfOJjr5pKsgE7S8gf6u','2019-01-26 00:22:15'),(592,1,'FiJRaAgAHLVhiFb0533Ery2hXdvhmP','2019-01-26 00:22:16'),(593,1,'waFrIwLylc66QbSE30MB4kIhgFtTlq','2019-01-26 00:22:19'),(594,1,'rVYxRUMy3FvYA891z8gzNPiwzCiCrx','2019-01-26 00:22:21'),(595,1,'teXreLgMU31sOGVOkka5MUfViKFTro','2019-01-26 00:22:32'),(596,1,'Yf9ju0JvSZ7NPYxCzM9Y2pvtELJMP1','2019-01-26 00:34:43'),(597,1,'y9qDjMZHPCRXgaw5UNw9jdxkvASHZa','2019-01-26 00:34:44'),(598,1,'zamDmwcA07p1WyZvinpoMiaiKzKbFN','2019-01-26 00:34:46'),(599,1,'Mvxo2AvLq3xhPe3xmGsDrzCnH4Yjl1','2019-01-26 00:34:48'),(600,1,'EmcXdHMPXgFYlzQFMgBveKf0z96JsS','2019-01-26 00:34:56'),(601,1,'Mjc6a2hWmPKS3WR3ztI8qzue7D67DF','2019-01-26 00:34:57'),(602,1,'Ez70CIvmXh4s5K15HYinwDl4XeTz0R','2019-01-26 00:41:14'),(603,1,'xZEGsIxfCvp9yjtyuJERt8BivUBsN1','2019-01-26 00:41:29'),(604,1,'NpOCMbZLKciFeQlFBV6U90s5NjA97L','2019-01-26 00:42:46'),(605,1,'XfgFCMdylnC5ESu6k3C6LAqiPr9gui','2019-01-26 13:06:39'),(606,1,'gnsctAyc5UWBkdgcROLjkcusZcviVM','2019-01-26 13:06:41'),(607,1,'QGKyMCFz66Mt0Nltap6SHJTBSWSFyF','2019-01-26 13:06:44'),(608,1,'iMJCOsMCZgdheYNfj5mGWAHjFDBam7','2019-01-26 13:06:47'),(609,1,'CdQdgPvKjMlI6kh7pI7v50DvdoG4xr','2019-01-26 13:06:51'),(610,1,'KXse5lQ2euFa8aB74ACCq5aqX4fjhd','2019-01-26 13:06:51'),(611,1,'oMkctQbD59Dj09VZ900kXhD5ZocnIB','2019-01-26 13:06:52'),(612,1,'BrYQEoRgzaBh5noy4ZTTj8A01rbnHI','2019-01-26 13:06:52'),(613,1,'pULdUxMKSXnTqPGwC0SmB4lb6NLU1Z','2019-01-26 13:06:53'),(614,1,'s7nnzoJ8HJJr5NuKygqKEIckhTbMEl','2019-01-26 13:06:53'),(615,1,'0QeFs4tBMJpEbOi3fJVGnJnDCFv4Cd','2019-01-26 13:06:54'),(616,1,'sTJnjpfpXaJAG7Xqv2WvtmkSbChvWB','2019-01-26 13:06:55'),(617,1,'PDCggPqv8GTVIcYz0hsq0lp6YhSIaq','2019-01-26 13:06:57'),(618,1,'ETBd0OvS4e94QmYe0529MRmBT2YckF','2019-01-26 13:06:58'),(619,1,'3Qz7nJslbjO8eKQhcusBwOWdiYFcSi','2019-01-26 13:06:59'),(620,1,'mgOZ6M3Rjyd3u4POwQvpPhjty1MyKs','2019-01-26 13:06:59'),(621,1,'QxmbVPCdJDvHibzYK9PIuL5jIMbibi','2019-01-26 13:07:00'),(622,1,'B9SZS8FI2et45my8zjQVX9rhuApOhE','2019-01-26 13:07:02'),(623,1,'WOraCukdKUXjJU1Dfle143owDoZhOl','2019-01-26 13:07:04'),(624,1,'vMRuIYZoN2GmxRsXDIAO1H1Jqv9WkM','2019-01-26 13:07:07'),(625,1,'uIb8MVQjhYxWisQ9jp4o5g9WA7s8gR','2019-01-26 13:07:08'),(626,1,'TEA3w0vyNSm44mPUbnJ8imHdhmIQxR','2019-01-26 13:07:08'),(627,1,'pzFG1D9K67FTREtxHm3j8OPAsM34BI','2019-01-26 13:07:34'),(628,1,'YQRzNC2saOqs0uLI13ZR6X7J5e7tAM','2019-01-26 13:07:36'),(629,1,'oENSGSq8uBCPdH3ciHZDp0eYeuGK30','2019-01-26 13:12:54'),(630,1,'5xximtUxDYfOv0nvhnM6zYwbDPMECq','2019-01-26 13:12:55'),(631,1,'4uPWytHHch29UpLicbo1WsQbclk5GJ','2019-01-26 13:12:56'),(632,1,'8jh6FO4N49DNrVqrjtalWNbSMVIAUs','2019-01-26 13:12:58'),(633,1,'QVKW9EX1djbJtB0KDcN4GSMkfzrg2c','2019-01-26 13:13:15'),(634,1,'Bhyg0pN2Y8pQNjM000abaKJkiPNSge','2019-01-26 13:13:28'),(635,1,'aa3scLD2Kyfd370qeqoR84P3BItlPf','2019-01-26 13:13:28'),(636,1,'ph1PygoTgD1gDNVe8ezF3nlPMro02f','2019-01-26 13:13:29'),(637,1,'kLJzJyMV8TCTvDnn9NIBwWk2F8ymdW','2019-01-26 13:13:31'),(638,1,'kxfh0JgdzsYPIYWW1canxwtS39zASA','2019-01-26 13:16:36'),(639,1,'7kVmsc7rzwEZlwG8PDLdNBbC2tdstz','2019-01-26 13:16:42'),(640,1,'o1toeAaOidmCaExYvk6sW0JRY2H8CB','2019-01-26 13:17:24'),(641,1,'pmlYRKVjPA4CPh1rTD31bGIOY8tPk4','2019-01-26 13:17:25'),(642,1,'9hxCmSknqOZaE3PDgu84Dl1oPEFCSR','2019-01-26 13:17:29'),(643,1,'HHToH3u89Sia86Bfe6loteWy8jPYTo','2019-01-26 13:17:35'),(644,1,'ikOQ521mu7zqdolK5JjSVD6HaaeUA0','2019-01-26 13:38:29'),(645,1,'zTqADBR1gMLfc8uxahSQuRF3NOyORL','2019-01-26 13:38:30'),(646,1,'QyCHNT9QHA91E9SqzT1mlbmnJBsuMH','2019-01-26 13:41:08'),(647,1,'cGNhgH69bsBfAlvnF7qWGyuSpmpKGV','2019-01-26 13:41:09'),(648,1,'aoVIy5p1Xbj7AVmvL0qh36NiF9MSaz','2019-01-26 13:41:16'),(649,1,'sJgcNVU06RNIVrHOfYsoBS0t75vwqI','2019-01-26 13:41:16'),(650,1,'qZVGNvt6gvMJPcyt4Sr994ToaRXjAC','2019-01-26 13:41:22'),(651,1,'jwHllx5gvJ8XTItAYHfonRnskgDMeb','2019-01-26 13:41:25'),(652,1,'2I9bCniMiHr7G7uiv3wTS2rX7pOMcq','2019-01-26 13:42:37'),(653,1,'TE5obGZraS6hz888hrgsMb2K9WT1Pk','2019-01-26 13:43:01'),(654,1,'jchpgazHHjPQDV7VOHqDW4kig6RDaS','2019-01-26 13:43:02'),(655,1,'OGL6Vh5JUtrlVDA5solhMzw44VwreK','2019-01-26 13:44:06'),(656,1,'qNg2pug14eutSu1MKWKaEHDjrrDljB','2019-01-26 13:44:08'),(657,1,'mvgTJXTdHLugLBJxakNJXqvidw4lgo','2019-01-26 13:44:17'),(658,1,'Y37TordJASwFXjpMEWa7XqFJVaRXaY','2019-01-26 13:44:21'),(659,1,'AaVnkuu59RFwPH4ZBcXmGC5UyIhXmT','2019-01-26 13:44:56'),(660,1,'9nrD3VsXbRZPNBOMptQiQGmo0muZPW','2019-01-26 13:44:58'),(661,1,'nEEwHc12mpxE0erq8P1ky1mKAokZPn','2019-01-26 13:45:03'),(662,1,'M4sN2FmbYdTTUZjuS52H6AAe6w9C4x','2019-01-26 13:47:15'),(663,1,'A0XCAwiYGTCuVxgjKP9pcvnOjvWeQc','2019-01-26 13:47:19'),(664,1,'R372wSwOw8HcTKFoYUni9QFSf3g6ef','2019-01-26 13:47:24'),(665,1,'jR0RBLdp1fhDC90DLpP25IC8BOuRVU','2019-01-26 13:47:26'),(666,1,'XLE8MzBNDc557Jhh21dIAyXelJYkk6','2019-01-26 13:48:21'),(667,1,'bOrkPeSNmnzR96AO0hMIVxTwHEhZxW','2019-01-26 13:48:24'),(668,1,'4Ajcmsp6M1y4YzFbQrMfQcSiopadlq','2019-01-26 13:48:39'),(669,1,'yRr3xW5FtCCTd5sRRjE9ktP45yiv4X','2019-01-26 13:48:41'),(670,1,'9GJelHW6Djo4YteojZFpJYUGqSxtkw','2019-01-26 13:48:41'),(671,1,'2qxuHF6Z1rU8KkTT4YSSHrLsBQ3Ua7','2019-01-26 13:48:43'),(672,1,'UIVCakfC42mxUMhdLeFGZVPNxdBvXN','2019-01-26 13:48:52'),(673,1,'HL2JPUvddp32RCpnHTbrbM2n87pFbQ','2019-01-26 13:48:52'),(674,1,'AZSLVd25JPZ7zBWkrpUWLY4aEv6KRR','2019-01-26 13:48:54'),(675,1,'Sjj86piRhqUQGWqVlzURlKdp7L0E08','2019-01-26 13:48:55'),(676,1,'U4hpsQ2SQQNiG6TZfNtdUQGvLSQgS7','2019-01-26 13:48:57'),(677,1,'OKX4hOekoqhJmLDfQbxLZ7UDQbalGN','2019-01-26 13:48:57'),(678,1,'EVBrtQAIMyIVk6t6qTGuEjhXENmp50','2019-01-26 13:48:59'),(679,1,'0eHjXAv8barPlAfQFnqmD2BmNvM9KS','2019-01-26 13:49:00'),(680,1,'MjfA6A6S240bOKdbC2cKTeu7CxDYY7','2019-01-26 13:49:01'),(681,1,'1sqxhWltfBEHCXgzA9xHzk3AJFaUEG','2019-01-26 13:49:02'),(682,1,'ISxd3hiADL7evhOk9LV4MaRRvOSdsi','2019-01-26 13:49:04'),(683,1,'hOeXafS2oE22js8xLANMI1yGUQl6fM','2019-01-26 13:49:04'),(684,1,'7TNE6b1GTQj3ooWxgSd04Ja4BSKAKq','2019-01-26 13:49:06'),(685,1,'zD3dCsr7nwl1gWZTkCbuslj45fDgRD','2019-01-26 13:49:07'),(686,1,'EFJ23kGUJ7OjA99UhWgfwdmoZCD9lb','2019-01-26 13:49:09'),(687,1,'hpaMTkKzg27ESdZGQjTX6Q96aTf5Sd','2019-01-26 13:49:09'),(688,1,'j8tIjPECHkFmEGJkIbL92vIId07Skc','2019-01-26 13:49:11'),(689,1,'d8YfFQKx3o39gexkO8KN55sWGxibUP','2019-01-26 13:49:12'),(690,1,'2xFIoNUil4gSQuY2M5Ba0yGkSj56Rq','2019-01-26 13:49:13'),(691,1,'0gy4FLXgNj5OKRcZTNpWvB77vsTx47','2019-01-26 13:49:14'),(692,1,'jHzuJxc5OewKfMIGwelML198E8Vu6R','2019-01-26 13:49:16'),(693,1,'wjTGC7ytSNiasdYr3pUvroXukXkH13','2019-01-26 13:49:16'),(694,1,'m510AV38d4DENiEd9BiHgBuyfZGT4X','2019-01-26 13:49:18'),(695,1,'G5jOjiMohfabLK2OENKeKXYdw5hOsy','2019-01-26 13:49:19'),(696,1,'4gFyv6jsHKWmkIjfDWW4dLKI4Uvffz','2019-01-26 13:52:21'),(697,1,'JA9PRwsnO6b57PpOdDdW1iaOyUyEhA','2019-01-26 13:52:22'),(698,1,'dNpIKCRXESwAW0F0YtTixsAUpplZtG','2019-01-26 13:52:53'),(699,1,'irETxETBlD3QI8dzpr0pey7HFj0hCg','2019-01-26 13:52:56'),(700,1,'9NMxDa9fGPLtaylZjvbehR94xJzH3P','2019-01-26 13:52:58'),(701,1,'9tB8JdVymPGB4fam9vFIiHaNWCHPr8','2019-01-26 13:53:00'),(702,1,'slW7VOvbK6Qn2gEapbayzK7EcHpRKR','2019-01-26 13:53:03'),(703,1,'pdsHbL28xZcsczWq9ieuFcsUgQyivX','2019-01-26 13:53:09'),(704,1,'9x5VtLwX7MWQBu0rzlgwQKpI8IGlMW','2019-01-26 13:53:34'),(705,1,'DCAIGYwXxbOdMMyezGWgnv2tRJlHpL','2019-01-26 13:55:04'),(706,1,'2pRI8kbhacDvDy9qzuE2HAJyI3yViX','2019-01-26 13:55:08'),(707,1,'CHuq8dzHPUmgcrJxYurxfxJczcEbVh','2019-01-26 13:55:12'),(708,1,'ODItFh5YkuK5H8TxooE3oigur68qJP','2019-01-26 13:55:51'),(709,1,'ZzhhjE1loPDlonK98gPGUjwRXIU4BT','2019-01-26 13:55:52'),(710,1,'Z7ke0DTSTq18K1werBMOLULQ42X3I6','2019-01-26 13:55:58'),(711,1,'VulU5RQjEcuw9fHYXeiO6Wlu5PNEQu','2019-01-26 13:56:50'),(712,1,'Cwi2YvWqXepapAiqlHVFNHI7iqGotx','2019-01-26 13:56:52'),(713,1,'Y4gKWgJ6HEhAhqGdmdNQVzkQ7tLqeQ','2019-01-26 13:56:58'),(714,1,'ZF9ZYdj15ZDTWgxv1IR1z2PPbJylTQ','2019-01-26 13:56:58'),(715,1,'1SgPR05AxfmwoudkxLMUF2LMDjwsVS','2019-01-26 13:57:00'),(716,1,'bBlsldQqIUaH71OKZ2KcIEJdAX221Z','2019-01-26 13:57:33'),(717,1,'ZzVmbRtwBj6w8YIn8hV5NUN4Ain4vw','2019-01-26 13:57:52'),(718,1,'c9185Wa75ER1TYxDulJe5Vf9icfn2c','2019-01-26 13:57:53'),(719,1,'GGk7LtJnM1TNCCfrjMa6O1inKumRyw','2019-01-26 13:57:54'),(720,1,'1OHNtQwPG7IXz6KGLqWqxrLBAHTvwy','2019-01-26 14:34:51'),(721,1,'WrwqkX4x7mN7jvq89TdN5sgMkg0nKU','2019-01-26 14:34:52'),(722,1,'0JdZ8Z7DsH5wd3mDozMMNcH9r3wNpo','2019-01-26 14:34:55'),(723,1,'uucDHRjhLscWV6iFUdyMc5txU942O9','2019-01-26 14:34:57'),(724,1,'uuCkzA5ZqUh3gwOx3xE6dmnWWrmr8n','2019-01-26 14:35:15'),(725,1,'KNz6TiTe174bujc3QA55zp2HE8OpOo','2019-01-26 14:35:35'),(726,1,'ftby3vjo6M3XBPpZmbcLgiItob2556','2019-01-26 14:35:36'),(727,1,'pgUOn6YiECtzPWqn6PyxmMrvoBCade','2019-01-26 14:35:47'),(728,1,'TDDCSl0Gu0GIZ9gj7vNY98KfyrW0DY','2019-01-26 14:35:49'),(729,1,'V2Lo9RKrv1zh6HWG6VAfmyNbvB2LOl','2019-01-26 14:35:50'),(730,1,'nUsoBbw9rk7REvBeTZbTE9XSsdKlNp','2019-01-26 14:35:51'),(731,1,'94vmqKsTkKQ5IteQkECqugwSG8U7Bl','2019-01-26 14:35:56'),(732,1,'mpTHcSCThNxaQUpU8x0sMqllutU8HY','2019-01-26 14:35:57'),(733,1,'w6eXgBYt7S5xZ1HF2wQNGkqEk7es42','2019-01-26 14:36:01'),(734,1,'PKhFenYiPKg9Gueji4w63gSXYLY5PJ','2019-01-26 14:36:02'),(735,1,'JnJLflvpitr9C82QEuuSHIp7k1QFjN','2019-01-26 14:36:13'),(736,1,'MOp49gGBgDzUN9MzBU00mkf4THPunR','2019-01-26 14:36:16'),(737,1,'ONjCD5ukaFNHhmcHN6vZMby03NqFWL','2019-01-26 14:36:19'),(738,1,'7hk1jKMOWYBSSpf2XiKlbd8ZcTgUgt','2019-01-26 14:36:20'),(739,1,'P163ypZUhBpKb8DjHv0mFm53JlEcja','2019-01-26 14:36:23'),(740,1,'AN6v3qWzO1ZgR4YqZqDwnD9bO0MbS7','2019-01-26 14:36:24'),(741,1,'Ae2x1zPD9KKcnIkx690pbWYKcFSXhM','2019-01-26 14:36:27'),(742,1,'zXfNklezDADkw4tTaxRIDZJsjQ5k4D','2019-01-26 14:36:27'),(743,1,'ZKU8fUJC9eD7BCwun204ATNP4RGdfp','2019-01-26 14:36:28'),(744,1,'3WVo83ymi7uPyQNJtrJJeKrHXw6cKJ','2019-01-26 14:39:42'),(745,1,'pTZ6duFknk8LRbAqIAloE8vxwJid7z','2019-01-26 14:39:44'),(746,1,'iBkr7SxLH4g66f4KhhuzPS7ooOcExA','2019-01-26 14:39:48'),(747,1,'mh9Pwj5Q3oVbTpbakexKqzuQVsb7lV','2019-01-26 14:39:50'),(748,1,'Xk7S9yx5tGIEFxhNFgPHkvQ9ZG4BnF','2019-01-26 14:39:51'),(749,1,'e3IUTkwIsPANjvwZnDcEJEQsplLk0w','2019-01-26 14:39:52'),(750,1,'Q2oTnPVmo3LQ3ESUvPtvcWi4nS3slu','2019-01-26 14:39:54'),(751,1,'GSbhO7gdDtECCfohE2svj9sQwr2f3T','2019-01-26 14:39:56'),(752,1,'M3HpUVYwZV8rzAJe59XeaCy0OpYDmx','2019-01-26 14:40:01'),(753,1,'9eEo9A9ImqAruP9ohXNfHRmqkVlT6m','2019-01-26 14:40:50'),(754,1,'2fWq3V4gYGwagLrkEvdhX7rc6Yo46M','2019-01-26 14:40:53'),(755,1,'G0063iFD4Qw1TYcrt7GqigI24zlSKX','2019-01-26 14:40:54'),(756,1,'Fp5S6xoqfgqtNbeyWurXAdoStNXofa','2019-01-26 14:40:56'),(757,1,'o3whosbqLxCLWbpK2Lz5wjGQragYx9','2019-01-26 14:41:30'),(758,1,'oguhoKqWTByJ3GTb4GnPvA1SFdcPov','2019-01-26 14:41:32'),(759,1,'IKxOkUwILg4oLQKcStbYfcBmWp40wi','2019-01-26 14:41:40'),(760,1,'Z4DKxcFP55I56grzAjGIMbiBOvipLi','2019-01-26 14:42:11'),(761,1,'b6dS6jrkEzILSJSzFthlbtwk6yAF5L','2019-01-26 14:42:12'),(762,1,'XOPaeYSL2ty90yizEG0IVzfGNrRf7c','2019-01-26 14:42:41'),(763,1,'mAk5t1B3G65hb8a6RNOVDhXe3iP41s','2019-01-26 14:42:43'),(764,1,'3nwYnVEiHv6YRoGi7o9LIbsf3ko86W','2019-01-26 14:42:44'),(765,1,'HAAPZAJO708b9pFijg6xo1T8qOOm21','2019-01-26 14:42:56'),(766,1,'1x8sUuVzykDSGqqI7JtbNS6SlsmKMd','2019-01-26 14:42:58'),(767,1,'jr929ASaGi8dLmcnaX41n3RGv7C249','2019-01-26 14:43:14'),(768,1,'4bzaHMBe5LdV6MjPQ5As3d9aYRZ9gu','2019-01-26 14:43:15'),(769,1,'7Hd4j33BoPuRQJxdVfJRwc23OLSiEx','2019-01-26 14:43:15'),(770,1,'AsSAxOZbASDuSnYlUmTqB57IuKadd5','2019-01-26 14:44:47'),(771,1,'ytmHnfGMI8PA5wAU03dIAm4Kx596dB','2019-01-26 17:08:12'),(772,1,'LxUvDSS3uyknTEf5GgLOJlHS0unnoA','2019-01-26 17:08:13'),(773,1,'hIOREmXhNQ3uDhqeSTPpWcy4BU5e9o','2019-01-26 17:08:14'),(774,1,'c3jKT7UiNuuQOXM0F1BJuf6UW7SCaF','2019-01-26 17:08:15'),(775,1,'mQhSvY9jjf0PRLthy0vMEyxPHR5lI0','2019-01-26 17:08:35'),(776,1,'ErEkmxBm0yvBUVCD728NQPrxUAqCe1','2019-01-27 14:46:19'),(777,1,'GhbUMhcpisyVEzPDaMCNlByaTgQsm7','2019-01-27 14:46:21'),(778,1,'9lO505emnFUunRhS2rL8SfZFyY2leM','2019-01-27 14:46:22'),(779,1,'ZbGfLvoN1nlm5VQ3Ucv4FUCZPjwgLQ','2019-01-27 14:46:23'),(780,1,'VAm5s9lgF2e3exfdexYOI5J032EcYy','2019-01-27 14:46:25'),(781,1,'GCQgQReaudMtzI2tAFnrXqIycKu3T0','2019-01-27 14:47:30'),(782,1,'bZtpC1MXx6JqrPu6NXwzX1Y5QtMqKv','2019-01-27 14:47:34'),(783,1,'oZi7bm1HILuX7Bsa3Xd4TLourBgVIB','2019-01-27 14:47:34'),(784,1,'g568kDtnSQCzYUuA2euwYFPX8Jo3yZ','2019-01-27 14:47:36'),(785,1,'FH3jx5tItvFjsZQKrLC8FpVrODhOno','2019-01-27 14:49:32'),(786,1,'cqVoMnktIJKuYC8OeCY8uc1j73ayeC','2019-01-27 14:49:34'),(787,1,'JlGHce7ZPio6wFo4s5TN4lin6g9Slq','2019-01-27 14:49:35'),(788,1,'qIih7bhyJRGFloFUpSjKky3gNczCze','2019-01-27 14:49:40'),(789,1,'cOyRR9vTvnBXdk9W1ZINWFlDYjFcEI','2019-01-27 14:49:43'),(790,1,'8TXkID7uLoIauFj92uSXhiXCSkgqIp','2019-01-27 14:49:46'),(791,1,'6OL1kOno3Uk3gL4XmlXjnjeXGcetZl','2019-01-27 14:50:01'),(792,1,'jRzb9dVlgjrAEgQtsIXJLCUmWHRin4','2019-01-27 14:50:07'),(793,1,'4UjZNpylHygfXZqfQ8zme4d8KReGSp','2019-01-27 14:50:15'),(794,1,'oP0m9sorze7XZCA5RvHl8WstjoWBNr','2019-01-27 14:50:59'),(795,1,'GOaahUtX8KohPmqmuIAcfBtAz0pE13','2019-01-27 14:51:00'),(796,1,'NrG7UISXdxEuespKGaPcA6di1oLBNE','2019-01-27 14:51:17'),(797,1,'YDZxTl7p1jE1yZa8noVpX9pv9Aacyw','2019-01-27 14:51:17'),(798,1,'5xveU2lP3DWXuSpylUrba550ADuTmd','2019-01-27 14:51:53'),(799,1,'Kpk1XfeeMVd4PXP1mIPRbCwWf8A5j3','2019-01-27 14:51:54'),(800,1,'WdaF8d8EQ0JLmkgtefmf0JgzK1chdF','2019-01-27 14:52:04'),(801,1,'qS6GD1YlZRWiH87YIXMOKdhJKRBuII','2019-01-27 14:52:05'),(802,1,'GSFy7G77XH2UvgcrCYdb313rIXHs47','2019-01-27 14:52:08'),(803,1,'zw01HfycEdqXouMTEkfRm9oABNkNYG','2019-01-27 14:52:29'),(804,1,'cYg1qwK2mn3jBAdVeFlFY5G2cFas8y','2019-01-27 14:52:32'),(805,1,'Ppw1wJKF4NrvCFjSOF216KoeTjHZBa','2019-01-27 14:52:37'),(806,1,'SPJi8aDxehwSeplrvXqTeC1Xbu7hEG','2019-01-27 14:52:40'),(807,1,'OfYwPnJBOclXqvJWyNGwKechilEkDh','2019-01-27 14:52:41'),(808,1,'n7Wiq9FtKpJKhOqaRAMNrbSPVemW1T','2019-01-27 15:28:15');
/*!40000 ALTER TABLE `gp_admin_session_tokens` ENABLE KEYS */;
UNLOCK TABLES;

--
-- Table structure for table `gp_api_desktop_app_updates`
--

DROP TABLE IF EXISTS `gp_api_desktop_app_updates`;
/*!40101 SET @saved_cs_client     = @@character_set_client */;
/*!40101 SET character_set_client = utf8 */;
CREATE TABLE `gp_api_desktop_app_updates` (
  `id` int(11) NOT NULL AUTO_INCREMENT,
  `version_info` text NOT NULL,
  `details` text,
  `released` datetime NOT NULL,
  `last_stable` int(1) DEFAULT '1',
  PRIMARY KEY (`id`)
) ENGINE=InnoDB AUTO_INCREMENT=3 DEFAULT CHARSET=utf8;
/*!40101 SET character_set_client = @saved_cs_client */;

--
-- Dumping data for table `gp_api_desktop_app_updates`
--

LOCK TABLES `gp_api_desktop_app_updates` WRITE;
/*!40000 ALTER TABLE `gp_api_desktop_app_updates` DISABLE KEYS */;
INSERT INTO `gp_api_desktop_app_updates` VALUES (1,'1.0.0','First release','2019-01-31 00:00:00',1);
/*!40000 ALTER TABLE `gp_api_desktop_app_updates` ENABLE KEYS */;
UNLOCK TABLES;

--
-- Table structure for table `gp_api_triggers`
--

DROP TABLE IF EXISTS `gp_api_triggers`;
/*!40101 SET @saved_cs_client     = @@character_set_client */;
/*!40101 SET character_set_client = utf8 */;
CREATE TABLE `gp_api_triggers` (
  `id` int(11) NOT NULL AUTO_INCREMENT,
  `item_type` int(2) NOT NULL,
  `item_action_type` int(2) DEFAULT NULL,
  `item_id` text,
  `item_key` text,
  `date_added` datetime NOT NULL,
  PRIMARY KEY (`id`)
) ENGINE=InnoDB AUTO_INCREMENT=59 DEFAULT CHARSET=utf8;
/*!40101 SET character_set_client = @saved_cs_client */;

--
-- Dumping data for table `gp_api_triggers`
--

LOCK TABLES `gp_api_triggers` WRITE;
/*!40000 ALTER TABLE `gp_api_triggers` DISABLE KEYS */;
INSERT INTO `gp_api_triggers` VALUES (1,3,1,'1','name','2019-01-24 14:47:18'),(2,1,1,'1','nick','2019-01-24 14:49:40'),(3,1,1,'1','nick','2019-01-24 14:51:01'),(4,3,1,'2','name','2019-01-25 00:21:21'),(5,3,1,'3','name','2019-01-25 00:24:33'),(6,3,1,'4','name','2019-01-25 00:31:21'),(7,3,1,'5','name','2019-01-25 00:32:27'),(8,3,1,'6','name','2019-01-25 00:34:08'),(9,3,1,'7','name','2019-01-25 00:38:08'),(10,3,1,'8','name','2019-01-25 00:38:54'),(11,3,1,'9','name','2019-01-25 01:02:16'),(12,3,1,'10','name','2019-01-25 01:02:37'),(13,3,1,'11','name','2019-01-25 01:03:12'),(14,3,1,'12','name','2019-01-25 01:03:31'),(15,1,1,'2','nick','2019-01-25 01:14:02'),(16,1,1,'3','nick','2019-01-25 01:16:45'),(17,3,1,'13','name','2019-01-25 01:39:47'),(18,3,1,'14','name','2019-01-25 01:39:54'),(19,1,1,'4','nick','2019-01-25 01:47:54'),(20,3,1,'15','name','2019-01-25 15:29:01'),(21,3,1,'16','name','2019-01-25 15:30:07'),(22,3,1,'17','name','2019-01-25 15:34:05'),(23,3,1,'18','name','2019-01-25 16:01:50'),(24,1,1,'5','nick','2019-01-25 17:22:06'),(25,1,1,'6','nick','2019-01-25 17:37:08'),(26,1,2,'5','nick','2019-01-25 19:12:11'),(27,1,2,'5','nick','2019-01-25 19:13:03'),(28,1,2,'5','nick','2019-01-25 19:13:14'),(29,1,2,'5','nick','2019-01-25 19:13:32'),(30,1,2,'6','nick','2019-01-25 20:07:42'),(31,1,1,'7','nick','2019-01-25 23:27:05'),(32,1,2,'7','nick','2019-01-26 00:34:56'),(33,3,3,'12','name','2019-01-26 13:48:41'),(34,3,3,'13','name','2019-01-26 13:48:52'),(35,3,3,'11','name','2019-01-26 13:48:54'),(36,3,3,'10','name','2019-01-26 13:48:57'),(37,3,3,'9','name','2019-01-26 13:48:59'),(38,3,3,'7','name','2019-01-26 13:49:01'),(39,3,3,'6','name','2019-01-26 13:49:04'),(40,3,3,'14','name','2019-01-26 13:49:06'),(41,3,3,'5','name','2019-01-26 13:49:09'),(42,3,3,'18','name','2019-01-26 13:49:11'),(43,3,3,'17','name','2019-01-26 13:49:13'),(44,3,3,'16','name','2019-01-26 13:49:16'),(45,3,3,'15','name','2019-01-26 13:49:18'),(46,3,2,'8','name','2019-01-26 13:56:58'),(47,3,1,'19','name','2019-01-26 13:57:52'),(48,3,3,'8','name','2019-01-26 14:36:01'),(49,1,2,'5','nick','2019-01-26 14:36:19'),(50,3,3,'19','name','2019-01-26 14:36:27'),(51,1,2,'5','nick','2019-01-26 14:39:50'),(52,1,2,'3','nick','2019-01-27 14:52:40'),(53,1,2,'4','nick','2019-01-27 16:24:13'),(54,1,2,'5','nick','2019-01-28 22:19:42'),(55,3,1,'5','name','2019-01-29 15:56:58'),(56,3,1,'6','name','2019-01-29 16:02:30'),(57,2,1,'17','name','2019-01-29 16:07:44'),(58,3,3,'5','name','2019-01-29 16:09:44');
/*!40000 ALTER TABLE `gp_api_triggers` ENABLE KEYS */;
UNLOCK TABLES;

--
-- Table structure for table `gp_api_triggers_not_checked`
--

DROP TABLE IF EXISTS `gp_api_triggers_not_checked`;
/*!40101 SET @saved_cs_client     = @@character_set_client */;
/*!40101 SET character_set_client = utf8 */;
CREATE TABLE `gp_api_triggers_not_checked` (
  `id` int(11) NOT NULL AUTO_INCREMENT,
  `trigger_id` int(11) NOT NULL,
  `device_id` int(11) NOT NULL,
  PRIMARY KEY (`id`)
) ENGINE=InnoDB AUTO_INCREMENT=60 DEFAULT CHARSET=utf8;
/*!40101 SET character_set_client = @saved_cs_client */;

--
-- Dumping data for table `gp_api_triggers_not_checked`
--

LOCK TABLES `gp_api_triggers_not_checked` WRITE;
/*!40000 ALTER TABLE `gp_api_triggers_not_checked` DISABLE KEYS */;
INSERT INTO `gp_api_triggers_not_checked` VALUES (1,4,2),(2,5,2),(3,6,2),(4,7,2),(5,8,2),(6,9,2),(7,10,2),(8,11,2),(9,12,2),(10,13,2),(11,14,2),(12,15,2),(13,16,2),(14,17,2),(15,18,2),(16,19,2),(17,20,2),(18,21,2),(19,22,2),(20,23,2),(21,24,2),(22,25,2),(23,26,2),(24,27,2),(25,28,2),(26,29,2),(27,30,2),(28,31,2),(29,32,2),(30,33,2),(31,34,2),(32,35,2),(33,36,2),(34,37,2),(35,38,2),(36,39,2),(37,40,2),(38,41,2),(39,42,2),(40,43,2),(41,44,2),(42,45,2),(43,46,2),(44,47,2),(45,48,2),(46,49,2),(47,50,2),(48,51,2),(49,52,2),(50,53,2),(51,54,2),(52,55,2),(53,55,3),(54,56,2),(55,56,3),(56,57,1),(57,57,2),(58,58,2),(59,58,3);
/*!40000 ALTER TABLE `gp_api_triggers_not_checked` ENABLE KEYS */;
UNLOCK TABLES;

--
-- Table structure for table `gp_api_user_devices`
--

DROP TABLE IF EXISTS `gp_api_user_devices`;
/*!40101 SET @saved_cs_client     = @@character_set_client */;
/*!40101 SET character_set_client = utf8 */;
CREATE TABLE `gp_api_user_devices` (
  `id` int(11) NOT NULL AUTO_INCREMENT,
  `user_id` int(11) NOT NULL,
  `type` int(1) NOT NULL,
  `name` text NOT NULL,
  `hash` text NOT NULL,
  `ip` varchar(100) NOT NULL,
  `os` text NOT NULL,
  `date_added` datetime NOT NULL,
  `date_last_connected` datetime DEFAULT NULL,
  `status` int(1) NOT NULL DEFAULT '0',
  `deleted` int(1) DEFAULT '0',
  UNIQUE KEY `id` (`id`)
) ENGINE=InnoDB AUTO_INCREMENT=4 DEFAULT CHARSET=utf8;
/*!40101 SET character_set_client = @saved_cs_client */;

--
-- Dumping data for table `gp_api_user_devices`
--

LOCK TABLES `gp_api_user_devices` WRITE;
/*!40000 ALTER TABLE `gp_api_user_devices` DISABLE KEYS */;
INSERT INTO `gp_api_user_devices` VALUES (1,1,1,'admin_service_test','admin_service_test','::1','Windows','2019-01-24 15:02:51','2019-01-31 15:32:26',1,0),(2,1,1,'gpts desktop test','gpts desktop test','127.0.0.1','Windows','2019-01-24 23:39:56','2019-01-28 17:52:35',1,0),(3,5,1,'DESKTOP-9PQ3U3N','ce457a246dc6cb6e78957c0287697b944209af594bcb85bcc4677eda6b2d93f8','127.0.0.1','Windows','2019-01-28 23:12:19','2019-01-31 16:51:05',1,0);
/*!40000 ALTER TABLE `gp_api_user_devices` ENABLE KEYS */;
UNLOCK TABLES;

--
-- Table structure for table `gp_api_users`
--

DROP TABLE IF EXISTS `gp_api_users`;
/*!40101 SET @saved_cs_client     = @@character_set_client */;
/*!40101 SET character_set_client = utf8 */;
CREATE TABLE `gp_api_users` (
  `id` int(11) NOT NULL AUTO_INCREMENT,
  `email` text NOT NULL,
  `password` text NOT NULL,
  `user_group` int(2) NOT NULL,
  `permissions` text,
  `date_added` datetime NOT NULL,
  `status` int(1) DEFAULT '1',
  `deleted` int(1) DEFAULT '0',
  PRIMARY KEY (`id`)
) ENGINE=InnoDB AUTO_INCREMENT=8 DEFAULT CHARSET=utf8;
/*!40101 SET character_set_client = @saved_cs_client */;

--
-- Dumping data for table `gp_api_users`
--

LOCK TABLES `gp_api_users` WRITE;
/*!40000 ALTER TABLE `gp_api_users` DISABLE KEYS */;
INSERT INTO `gp_api_users` VALUES (1,'admin@obarey.com','$2y$12$QDTxMFcrlvLmxio0JTGDCOrY/41lkoJ0pJYJ9x5h.phngbJuiB/ly',0,'1111111111111111111111','2019-01-24 14:51:01',1,0),(2,'emreozbek@gitasgas.com','$2y$12$nNdDbTlNGVXHnu3zhe3kOeNkrHHX.Ue4Ze7X8jZ7yPZAxNbA.66Ky',2,'1111111111111111111111','2019-01-25 01:14:02',1,0),(3,'huseyinozbekk@gmail.com','$2y$12$XD59bxGioivM80qUblpxluix.hqUIQVuihoNgxx11K4sMH9xSqtf.',2,'1111111111111111111111','2019-01-25 01:16:45',1,0),(4,'serpilboyacioglu@gmail.com','$2y$12$jPw8NP4V0I3Uaq6lqlwXAOWyQyRpWHoIxIKNzpDCeRECILpi38tsO',2,'1111111111111111111111','2019-01-25 01:47:54',1,0),(5,'ahmet@ahmet.com','$2y$12$weGXvfPkm32kBbBm1UqWHuvHL.0ytW8lwLBsPYD/oDrafIVHdCcxW',2,'0000000000000000000000','2019-01-25 17:22:06',1,0),(6,'mich@mich.com','$2y$12$aLR4S254tQBA9Vpswi/L8eraBzZln7d6Hpok4KVNN5OV0T7WKtiFq',2,'0000000000000000000000','2019-01-25 17:37:08',1,0),(7,'sahan@sahan.com','$2y$12$NCR7Te1N6p7sbn8qtMTpXO6tc9VGbaiTHRbzfgXUjC4151z5BIliW',2,'1110000000000000000000','2019-01-25 23:27:05',1,0);
/*!40000 ALTER TABLE `gp_api_users` ENABLE KEYS */;
UNLOCK TABLES;

--
-- Table structure for table `gp_cached_data_flags`
--

DROP TABLE IF EXISTS `gp_cached_data_flags`;
/*!40101 SET @saved_cs_client     = @@character_set_client */;
/*!40101 SET character_set_client = utf8 */;
CREATE TABLE `gp_cached_data_flags` (
  `id` int(11) NOT NULL AUTO_INCREMENT,
  `file_name` text NOT NULL,
  `date_added` datetime NOT NULL,
  PRIMARY KEY (`id`)
) ENGINE=InnoDB AUTO_INCREMENT=16 DEFAULT CHARSET=utf8;
/*!40101 SET character_set_client = @saved_cs_client */;

--
-- Dumping data for table `gp_cached_data_flags`
--

LOCK TABLES `gp_cached_data_flags` WRITE;
/*!40000 ALTER TABLE `gp_cached_data_flags` DISABLE KEYS */;
INSERT INTO `gp_cached_data_flags` VALUES (1,'user_groups.cache','2019-01-25 00:21:21'),(2,'user_groups.cache','2019-01-25 00:24:33'),(3,'user_groups.cache','2019-01-25 00:31:21'),(4,'user_groups.cache','2019-01-25 00:32:27'),(5,'user_groups.cache','2019-01-25 00:34:08'),(6,'user_groups.cache','2019-01-25 00:38:08'),(7,'user_groups.cache','2019-01-25 00:38:54'),(8,'user_groups.cache','2019-01-25 01:02:16'),(9,'user_groups.cache','2019-01-25 01:02:37'),(10,'user_groups.cache','2019-01-25 01:03:12'),(11,'user_groups.cache','2019-01-25 01:03:31'),(12,'user_groups.cache','2019-01-25 01:39:47'),(13,'user_groups.cache','2019-01-25 01:39:54'),(14,'user_groups.cache','2019-01-25 15:29:01'),(15,'user_groups.cache','2019-01-25 15:30:07');
/*!40000 ALTER TABLE `gp_cached_data_flags` ENABLE KEYS */;
UNLOCK TABLES;

--
-- Table structure for table `gp_employee_daily_plan_definitions`
--

DROP TABLE IF EXISTS `gp_employee_daily_plan_definitions`;
/*!40101 SET @saved_cs_client     = @@character_set_client */;
/*!40101 SET character_set_client = utf8 */;
CREATE TABLE `gp_employee_daily_plan_definitions` (
  `id` int(11) NOT NULL AUTO_INCREMENT,
  `employee_id` int(11) NOT NULL,
  `daily_plan_schema_id` int(11) NOT NULL,
  `date_added` date DEFAULT NULL,
  `status` int(1) DEFAULT '1',
  PRIMARY KEY (`id`)
) ENGINE=InnoDB DEFAULT CHARSET=utf8;
/*!40101 SET character_set_client = @saved_cs_client */;

--
-- Dumping data for table `gp_employee_daily_plan_definitions`
--

LOCK TABLES `gp_employee_daily_plan_definitions` WRITE;
/*!40000 ALTER TABLE `gp_employee_daily_plan_definitions` DISABLE KEYS */;
/*!40000 ALTER TABLE `gp_employee_daily_plan_definitions` ENABLE KEYS */;
UNLOCK TABLES;

--
-- Table structure for table `gp_employee_daily_plan_schemas`
--

DROP TABLE IF EXISTS `gp_employee_daily_plan_schemas`;
/*!40101 SET @saved_cs_client     = @@character_set_client */;
/*!40101 SET character_set_client = utf8 */;
CREATE TABLE `gp_employee_daily_plan_schemas` (
  `id` int(11) NOT NULL AUTO_INCREMENT,
  `name` text NOT NULL,
  `start` varchar(100) NOT NULL,
  `end` varchar(100) NOT NULL,
  `plan_interval` double NOT NULL,
  PRIMARY KEY (`id`)
) ENGINE=InnoDB AUTO_INCREMENT=18 DEFAULT CHARSET=utf8;
/*!40101 SET character_set_client = @saved_cs_client */;

--
-- Dumping data for table `gp_employee_daily_plan_schemas`
--

LOCK TABLES `gp_employee_daily_plan_schemas` WRITE;
/*!40000 ALTER TABLE `gp_employee_daily_plan_schemas` DISABLE KEYS */;
INSERT INTO `gp_employee_daily_plan_schemas` VALUES (1,'Standart 9 - 17','09:00','17:00',60),(2,'Gece Vardiya','22:00','08:30',60),(3,'Gece Vardiya 2','18:00','04:00',75),(4,'lenci','13:00','19:30',60),(5,'Test Obarey','08:00','13:00',55),(6,'Test Obarey 2','08:00','13:00',55),(7,'Test Obarey 3','08:00','13:00',55),(8,'Test Obarey 4','08:00','13:00',55),(9,'Test Obarey 5','08:00','13:00',55),(10,'Test Obarey 53','08:00','13:00',55),(11,'Test Obarey 6','08:00','13:00',55),(12,'Test Obarey 7','08:00','13:00',55),(13,'Test 124','12:00','19:00',60),(14,'Samamel','12:00','00:00',30),(15,'Test Obarey 9','08:00','13:00',55),(16,'Kro','12:00','15:00',30),(17,'Test beybe','10:00','19:00',60);
/*!40000 ALTER TABLE `gp_employee_daily_plan_schemas` ENABLE KEYS */;
UNLOCK TABLES;

--
-- Table structure for table `gp_employee_daily_plans`
--

DROP TABLE IF EXISTS `gp_employee_daily_plans`;
/*!40101 SET @saved_cs_client     = @@character_set_client */;
/*!40101 SET character_set_client = utf8 */;
CREATE TABLE `gp_employee_daily_plans` (
  `id` int(11) NOT NULL AUTO_INCREMENT,
  `employee_id` int(11) NOT NULL,
  `plan_order` int(11) NOT NULL,
  `start` datetime NOT NULL,
  `end` datetime NOT NULL,
  `status` varchar(2) DEFAULT NULL,
  `status_code` varchar(5) DEFAULT NULL,
  `edited` int(1) DEFAULT '0',
  PRIMARY KEY (`id`)
) ENGINE=InnoDB AUTO_INCREMENT=4 DEFAULT CHARSET=utf8;
/*!40101 SET character_set_client = @saved_cs_client */;

--
-- Dumping data for table `gp_employee_daily_plans`
--

LOCK TABLES `gp_employee_daily_plans` WRITE;
/*!40000 ALTER TABLE `gp_employee_daily_plans` DISABLE KEYS */;
INSERT INTO `gp_employee_daily_plans` VALUES (1,1,1,'0000-00-00 00:00:00','0000-00-00 00:00:00',NULL,NULL,0),(2,1,2,'0000-00-00 00:00:00','0000-00-00 00:00:00',NULL,NULL,0),(3,1,3,'0000-00-00 00:00:00','0000-00-00 00:00:00',NULL,NULL,0);
/*!40000 ALTER TABLE `gp_employee_daily_plans` ENABLE KEYS */;
UNLOCK TABLES;

--
-- Table structure for table `gp_employee_daily_plans_archive`
--

DROP TABLE IF EXISTS `gp_employee_daily_plans_archive`;
/*!40101 SET @saved_cs_client     = @@character_set_client */;
/*!40101 SET character_set_client = utf8 */;
CREATE TABLE `gp_employee_daily_plans_archive` (
  `id` int(11) NOT NULL AUTO_INCREMENT,
  `prev_id` int(11) NOT NULL,
  `employee_id` int(11) NOT NULL,
  `plan_order` int(11) NOT NULL,
  `start` datetime NOT NULL,
  `end` datetime NOT NULL,
  `status` varchar(2) DEFAULT NULL,
  `status_code` varchar(5) DEFAULT NULL,
  `edited` int(1) DEFAULT '0',
  PRIMARY KEY (`id`)
) ENGINE=InnoDB DEFAULT CHARSET=utf8;
/*!40101 SET character_set_client = @saved_cs_client */;

--
-- Dumping data for table `gp_employee_daily_plans_archive`
--

LOCK TABLES `gp_employee_daily_plans_archive` WRITE;
/*!40000 ALTER TABLE `gp_employee_daily_plans_archive` DISABLE KEYS */;
/*!40000 ALTER TABLE `gp_employee_daily_plans_archive` ENABLE KEYS */;
UNLOCK TABLES;

--
-- Table structure for table `gp_employee_groups`
--

DROP TABLE IF EXISTS `gp_employee_groups`;
/*!40101 SET @saved_cs_client     = @@character_set_client */;
/*!40101 SET character_set_client = utf8 */;
CREATE TABLE `gp_employee_groups` (
  `id` int(11) NOT NULL AUTO_INCREMENT,
  `name` text NOT NULL,
  `parent` int(11) DEFAULT '0',
  `permissions` text,
  PRIMARY KEY (`id`)
) ENGINE=InnoDB AUTO_INCREMENT=7 DEFAULT CHARSET=utf8;
/*!40101 SET character_set_client = @saved_cs_client */;

--
-- Dumping data for table `gp_employee_groups`
--

LOCK TABLES `gp_employee_groups` WRITE;
/*!40000 ALTER TABLE `gp_employee_groups` DISABLE KEYS */;
INSERT INTO `gp_employee_groups` VALUES (1,'Admin',0,'1111111111111111111111'),(3,'Filo Ynetim',0,'1111111111111111111111'),(4,'Kademe',0,'0000000000000000000000'),(6,'Muhsabe',0,'1110000000000000000000');
/*!40000 ALTER TABLE `gp_employee_groups` ENABLE KEYS */;
UNLOCK TABLES;

--
-- Table structure for table `gp_employee_periodic_task_definitions`
--

DROP TABLE IF EXISTS `gp_employee_periodic_task_definitions`;
/*!40101 SET @saved_cs_client     = @@character_set_client */;
/*!40101 SET character_set_client = utf8 */;
CREATE TABLE `gp_employee_periodic_task_definitions` (
  `id` int(11) NOT NULL AUTO_INCREMENT,
  `task_id` int(11) NOT NULL,
  `type` int(1) NOT NULL,
  `employee_id` int(11) DEFAULT NULL,
  `employee_group_id` int(11) DEFAULT NULL,
  `time_length` double DEFAULT '0',
  `task_interval` double NOT NULL,
  `date_last_defined` datetime DEFAULT NULL,
  PRIMARY KEY (`id`)
) ENGINE=InnoDB DEFAULT CHARSET=utf8;
/*!40101 SET character_set_client = @saved_cs_client */;

--
-- Dumping data for table `gp_employee_periodic_task_definitions`
--

LOCK TABLES `gp_employee_periodic_task_definitions` WRITE;
/*!40000 ALTER TABLE `gp_employee_periodic_task_definitions` DISABLE KEYS */;
/*!40000 ALTER TABLE `gp_employee_periodic_task_definitions` ENABLE KEYS */;
UNLOCK TABLES;

--
-- Table structure for table `gp_employee_periodic_work_definitions`
--

DROP TABLE IF EXISTS `gp_employee_periodic_work_definitions`;
/*!40101 SET @saved_cs_client     = @@character_set_client */;
/*!40101 SET character_set_client = utf8 */;
CREATE TABLE `gp_employee_periodic_work_definitions` (
  `id` int(11) NOT NULL AUTO_INCREMENT,
  `work_template_id` int(11) NOT NULL,
  `employee_id` int(11) DEFAULT NULL,
  `employee_group_id` int(11) DEFAULT NULL,
  `start` datetime DEFAULT NULL,
  `time_length` double DEFAULT '0',
  `define_interval` double NOT NULL,
  `date_last_defined` datetime DEFAULT NULL,
  PRIMARY KEY (`id`)
) ENGINE=InnoDB DEFAULT CHARSET=utf8;
/*!40101 SET character_set_client = @saved_cs_client */;

--
-- Dumping data for table `gp_employee_periodic_work_definitions`
--

LOCK TABLES `gp_employee_periodic_work_definitions` WRITE;
/*!40000 ALTER TABLE `gp_employee_periodic_work_definitions` DISABLE KEYS */;
/*!40000 ALTER TABLE `gp_employee_periodic_work_definitions` ENABLE KEYS */;
UNLOCK TABLES;

--
-- Table structure for table `gp_employee_relations`
--

DROP TABLE IF EXISTS `gp_employee_relations`;
/*!40101 SET @saved_cs_client     = @@character_set_client */;
/*!40101 SET character_set_client = utf8 */;
CREATE TABLE `gp_employee_relations` (
  `id` int(11) NOT NULL AUTO_INCREMENT,
  `parent_employee` int(11) NOT NULL,
  `child_employee` int(11) NOT NULL,
  PRIMARY KEY (`id`)
) ENGINE=InnoDB AUTO_INCREMENT=23 DEFAULT CHARSET=utf8;
/*!40101 SET character_set_client = @saved_cs_client */;

--
-- Dumping data for table `gp_employee_relations`
--

LOCK TABLES `gp_employee_relations` WRITE;
/*!40000 ALTER TABLE `gp_employee_relations` DISABLE KEYS */;
INSERT INTO `gp_employee_relations` VALUES (10,7,2),(11,7,4),(12,5,7),(20,2,5),(21,2,4),(22,5,4);
/*!40000 ALTER TABLE `gp_employee_relations` ENABLE KEYS */;
UNLOCK TABLES;

--
-- Table structure for table `gp_employee_task_definitions`
--

DROP TABLE IF EXISTS `gp_employee_task_definitions`;
/*!40101 SET @saved_cs_client     = @@character_set_client */;
/*!40101 SET character_set_client = utf8 */;
CREATE TABLE `gp_employee_task_definitions` (
  `id` int(11) NOT NULL AUTO_INCREMENT,
  `employee_id` int(11) NOT NULL,
  `task_id` int(11) NOT NULL,
  `parent_definition_id` int(11) DEFAULT '0',
  `start` datetime NOT NULL,
  `time_length` double DEFAULT NULL,
  `end` datetime DEFAULT NULL,
  `status` int(1) DEFAULT '1',
  `comments` text,
  `date_added` datetime DEFAULT NULL,
  `date_last_update` datetime DEFAULT NULL,
  `added_employee` int(11) NOT NULL,
  `deleted` int(1) DEFAULT '0',
  PRIMARY KEY (`id`)
) ENGINE=InnoDB AUTO_INCREMENT=3 DEFAULT CHARSET=utf8;
/*!40101 SET character_set_client = @saved_cs_client */;

--
-- Dumping data for table `gp_employee_task_definitions`
--

LOCK TABLES `gp_employee_task_definitions` WRITE;
/*!40000 ALTER TABLE `gp_employee_task_definitions` DISABLE KEYS */;
INSERT INTO `gp_employee_task_definitions` VALUES (2,1,1,0,'2018-06-06 23:03:47',10,NULL,1,NULL,'2018-06-06 23:03:47','2018-06-06 23:03:47',1,0);
/*!40000 ALTER TABLE `gp_employee_task_definitions` ENABLE KEYS */;
UNLOCK TABLES;

--
-- Table structure for table `gp_employee_task_definitions_archive`
--

DROP TABLE IF EXISTS `gp_employee_task_definitions_archive`;
/*!40101 SET @saved_cs_client     = @@character_set_client */;
/*!40101 SET character_set_client = utf8 */;
CREATE TABLE `gp_employee_task_definitions_archive` (
  `id` int(11) NOT NULL AUTO_INCREMENT,
  `prev_id` int(11) NOT NULL,
  `employee_id` int(11) NOT NULL,
  `task_id` int(11) NOT NULL,
  `parent_definition_id` int(11) DEFAULT '0',
  `start` datetime NOT NULL,
  `time_length` double DEFAULT NULL,
  `end` datetime DEFAULT NULL,
  `status` int(1) DEFAULT '1',
  `comments` text,
  `date_added` datetime DEFAULT NULL,
  `date_last_update` datetime DEFAULT NULL,
  `added_employee` int(11) NOT NULL,
  `deleted` int(1) DEFAULT '0',
  PRIMARY KEY (`id`)
) ENGINE=InnoDB AUTO_INCREMENT=5 DEFAULT CHARSET=utf8;
/*!40101 SET character_set_client = @saved_cs_client */;

--
-- Dumping data for table `gp_employee_task_definitions_archive`
--

LOCK TABLES `gp_employee_task_definitions_archive` WRITE;
/*!40000 ALTER TABLE `gp_employee_task_definitions_archive` DISABLE KEYS */;
INSERT INTO `gp_employee_task_definitions_archive` VALUES (1,15,1,1,0,'2018-06-06 23:03:47',10,NULL,1,NULL,'2018-06-06 23:03:47','2018-06-06 23:03:47',1,0),(3,17,1,1,0,'2018-06-06 23:03:47',10,NULL,1,NULL,'2018-06-06 23:03:47','2018-06-06 23:03:47',1,0),(4,18,1,1,0,'2018-06-06 23:03:47',10,NULL,1,'obarey','2018-06-06 23:03:47','2018-06-06 23:03:47',1,0);
/*!40000 ALTER TABLE `gp_employee_task_definitions_archive` ENABLE KEYS */;
UNLOCK TABLES;

--
-- Table structure for table `gp_employee_task_definitions_status_updates`
--

DROP TABLE IF EXISTS `gp_employee_task_definitions_status_updates`;
/*!40101 SET @saved_cs_client     = @@character_set_client */;
/*!40101 SET character_set_client = utf8 */;
CREATE TABLE `gp_employee_task_definitions_status_updates` (
  `id` int(11) NOT NULL AUTO_INCREMENT,
  `work_task_definition_id` int(11) NOT NULL,
  `type` int(1) NOT NULL,
  `comments` text,
  `date_added` datetime DEFAULT NULL,
  `added_employee` int(11) NOT NULL,
  PRIMARY KEY (`id`)
) ENGINE=InnoDB DEFAULT CHARSET=utf8;
/*!40101 SET character_set_client = @saved_cs_client */;

--
-- Dumping data for table `gp_employee_task_definitions_status_updates`
--

LOCK TABLES `gp_employee_task_definitions_status_updates` WRITE;
/*!40000 ALTER TABLE `gp_employee_task_definitions_status_updates` DISABLE KEYS */;
/*!40000 ALTER TABLE `gp_employee_task_definitions_status_updates` ENABLE KEYS */;
UNLOCK TABLES;

--
-- Table structure for table `gp_employee_task_definitions_status_updates_archive`
--

DROP TABLE IF EXISTS `gp_employee_task_definitions_status_updates_archive`;
/*!40101 SET @saved_cs_client     = @@character_set_client */;
/*!40101 SET character_set_client = utf8 */;
CREATE TABLE `gp_employee_task_definitions_status_updates_archive` (
  `id` int(11) NOT NULL AUTO_INCREMENT,
  `prev_id` int(11) NOT NULL,
  `work_task_definition_id` int(11) NOT NULL,
  `type` int(1) NOT NULL,
  `comments` text,
  `date_added` datetime DEFAULT NULL,
  `added_employee` int(11) NOT NULL,
  PRIMARY KEY (`id`)
) ENGINE=InnoDB AUTO_INCREMENT=3 DEFAULT CHARSET=utf8;
/*!40101 SET character_set_client = @saved_cs_client */;

--
-- Dumping data for table `gp_employee_task_definitions_status_updates_archive`
--

LOCK TABLES `gp_employee_task_definitions_status_updates_archive` WRITE;
/*!40000 ALTER TABLE `gp_employee_task_definitions_status_updates_archive` DISABLE KEYS */;
INSERT INTO `gp_employee_task_definitions_status_updates_archive` VALUES (1,1,18,1,'test','2018-06-13 00:00:00',3),(2,2,18,1,'test','2018-06-13 00:00:00',3);
/*!40000 ALTER TABLE `gp_employee_task_definitions_status_updates_archive` ENABLE KEYS */;
UNLOCK TABLES;

--
-- Table structure for table `gp_employee_work_definitions`
--

DROP TABLE IF EXISTS `gp_employee_work_definitions`;
/*!40101 SET @saved_cs_client     = @@character_set_client */;
/*!40101 SET character_set_client = utf8 */;
CREATE TABLE `gp_employee_work_definitions` (
  `id` int(11) NOT NULL AUTO_INCREMENT,
  `employee_id` int(11) NOT NULL,
  `work_template_id` int(11) NOT NULL,
  `start` datetime NOT NULL,
  `time_length` double DEFAULT NULL,
  `due_date` datetime DEFAULT NULL,
  `status` int(1) DEFAULT '1',
  `date_added` datetime DEFAULT NULL,
  `date_last_update` datetime DEFAULT NULL,
  `added_employee` int(11) NOT NULL,
  `deleted` int(1) DEFAULT '0',
  PRIMARY KEY (`id`)
) ENGINE=InnoDB DEFAULT CHARSET=utf8;
/*!40101 SET character_set_client = @saved_cs_client */;

--
-- Dumping data for table `gp_employee_work_definitions`
--

LOCK TABLES `gp_employee_work_definitions` WRITE;
/*!40000 ALTER TABLE `gp_employee_work_definitions` DISABLE KEYS */;
/*!40000 ALTER TABLE `gp_employee_work_definitions` ENABLE KEYS */;
UNLOCK TABLES;

--
-- Table structure for table `gp_employee_work_definitions_archive`
--

DROP TABLE IF EXISTS `gp_employee_work_definitions_archive`;
/*!40101 SET @saved_cs_client     = @@character_set_client */;
/*!40101 SET character_set_client = utf8 */;
CREATE TABLE `gp_employee_work_definitions_archive` (
  `id` int(11) NOT NULL AUTO_INCREMENT,
  `prev_id` int(11) NOT NULL,
  `employee_id` int(11) NOT NULL,
  `work_template_id` int(11) NOT NULL,
  `start` datetime NOT NULL,
  `time_length` double DEFAULT NULL,
  `end` datetime DEFAULT NULL,
  `status` int(1) DEFAULT '1',
  `date_added` datetime DEFAULT NULL,
  `date_last_update` datetime DEFAULT NULL,
  `added_employee` int(11) NOT NULL,
  `deleted` int(1) DEFAULT '0',
  PRIMARY KEY (`id`)
) ENGINE=InnoDB DEFAULT CHARSET=utf8;
/*!40101 SET character_set_client = @saved_cs_client */;

--
-- Dumping data for table `gp_employee_work_definitions_archive`
--

LOCK TABLES `gp_employee_work_definitions_archive` WRITE;
/*!40000 ALTER TABLE `gp_employee_work_definitions_archive` DISABLE KEYS */;
/*!40000 ALTER TABLE `gp_employee_work_definitions_archive` ENABLE KEYS */;
UNLOCK TABLES;

--
-- Table structure for table `gp_employee_works`
--

DROP TABLE IF EXISTS `gp_employee_works`;
/*!40101 SET @saved_cs_client     = @@character_set_client */;
/*!40101 SET character_set_client = utf8 */;
CREATE TABLE `gp_employee_works` (
  `id` int(11) NOT NULL AUTO_INCREMENT,
  `employee_id` int(11) NOT NULL,
  `name` text NOT NULL,
  `details` text,
  `status` tinyint(1) NOT NULL,
  `date_added` datetime NOT NULL,
  `due_date` datetime DEFAULT NULL,
  `added_employee` int(11) NOT NULL,
  `date_last_modified` datetime DEFAULT NULL,
  PRIMARY KEY (`id`)
) ENGINE=InnoDB DEFAULT CHARSET=utf8;
/*!40101 SET character_set_client = @saved_cs_client */;

--
-- Dumping data for table `gp_employee_works`
--

LOCK TABLES `gp_employee_works` WRITE;
/*!40000 ALTER TABLE `gp_employee_works` DISABLE KEYS */;
/*!40000 ALTER TABLE `gp_employee_works` ENABLE KEYS */;
UNLOCK TABLES;

--
-- Table structure for table `gp_employee_works_archive`
--

DROP TABLE IF EXISTS `gp_employee_works_archive`;
/*!40101 SET @saved_cs_client     = @@character_set_client */;
/*!40101 SET character_set_client = utf8 */;
CREATE TABLE `gp_employee_works_archive` (
  `id` int(11) NOT NULL AUTO_INCREMENT,
  `prev_id` int(11) NOT NULL,
  `employee_id` int(11) NOT NULL,
  `name` text NOT NULL,
  `details` text NOT NULL,
  `sub_items` text NOT NULL,
  `status` tinyint(1) NOT NULL,
  `due_date` datetime DEFAULT NULL,
  `date_added` datetime DEFAULT NULL,
  `added_employee` int(11) NOT NULL,
  `date_last_modified` datetime DEFAULT NULL,
  PRIMARY KEY (`id`)
) ENGINE=InnoDB DEFAULT CHARSET=utf8;
/*!40101 SET character_set_client = @saved_cs_client */;

--
-- Dumping data for table `gp_employee_works_archive`
--

LOCK TABLES `gp_employee_works_archive` WRITE;
/*!40000 ALTER TABLE `gp_employee_works_archive` DISABLE KEYS */;
/*!40000 ALTER TABLE `gp_employee_works_archive` ENABLE KEYS */;
UNLOCK TABLES;

--
-- Table structure for table `gp_employee_works_sub_items`
--

DROP TABLE IF EXISTS `gp_employee_works_sub_items`;
/*!40101 SET @saved_cs_client     = @@character_set_client */;
/*!40101 SET character_set_client = utf8 */;
CREATE TABLE `gp_employee_works_sub_items` (
  `id` int(11) NOT NULL AUTO_INCREMENT,
  `parent_work_id` int(11) NOT NULL,
  `name` text NOT NULL,
  `details` text,
  `step_order` int(11) NOT NULL,
  `status` tinyint(1) DEFAULT '0',
  `needs_validation` tinyint(1) DEFAULT '0',
  `date_added` datetime NOT NULL,
  `added_employee` int(11) NOT NULL,
  `date_last_modified` datetime DEFAULT NULL,
  PRIMARY KEY (`id`)
) ENGINE=InnoDB DEFAULT CHARSET=utf8;
/*!40101 SET character_set_client = @saved_cs_client */;

--
-- Dumping data for table `gp_employee_works_sub_items`
--

LOCK TABLES `gp_employee_works_sub_items` WRITE;
/*!40000 ALTER TABLE `gp_employee_works_sub_items` DISABLE KEYS */;
/*!40000 ALTER TABLE `gp_employee_works_sub_items` ENABLE KEYS */;
UNLOCK TABLES;

--
-- Table structure for table `gp_employee_works_templates`
--

DROP TABLE IF EXISTS `gp_employee_works_templates`;
/*!40101 SET @saved_cs_client     = @@character_set_client */;
/*!40101 SET character_set_client = utf8 */;
CREATE TABLE `gp_employee_works_templates` (
  `id` int(11) NOT NULL AUTO_INCREMENT,
  `name` text NOT NULL,
  `details` text,
  `sub_items` text NOT NULL,
  PRIMARY KEY (`id`)
) ENGINE=InnoDB AUTO_INCREMENT=4 DEFAULT CHARSET=utf8;
/*!40101 SET character_set_client = @saved_cs_client */;

--
-- Dumping data for table `gp_employee_works_templates`
--

LOCK TABLES `gp_employee_works_templates` WRITE;
/*!40000 ALTER TABLE `gp_employee_works_templates` DISABLE KEYS */;
INSERT INTO `gp_employee_works_templates` VALUES (1,'Ya Deiim','Ara ya deiim i ablonu.','[{\"id\":\"0\",\"name\":\"Ya\\u011f Kontrol\\u00fc\",\"details\":\"Ara\\u00e7 ya\\u011f miktar\\u0131 kontrol edildi.\",\"step_order\":\"1\",\"status\":\"0\"},{\"id\":\"0\",\"name\":\"Ya\\u011f Ekleme\",\"details\":\"Araca gereken miktarda ya\\u011f eklemesi yap\\u0131ld\\u0131.\",\"step_order\":\"2\",\"status\":\"0\"}]'),(2,'Para Satn Alma','Yedek para satn alma i ablonu.','[{\"id\":\"0\",\"name\":\"Fiyat Teklifleri \\u0130steme\",\"details\":\"\",\"step_order\":\"1\",\"status\":\"-1\"},{\"id\":\"0\",\"name\":\"Teklif De\\u011ferlendirmeleri\",\"details\":\"\",\"step_order\":\"2\",\"status\":\"-1\"},{\"id\":\"0\",\"name\":\"Sat\\u0131n Alma\",\"details\":\"\",\"step_order\":\"3\",\"status\":\"-1\"}]'),(3,'Test i ablonu','test obarey aklamas','[{\"id\":\"0\",\"name\":\"Anahtar\",\"details\":\"teslimiyat\",\"step_order\":\"1\",\"status\":\"0\"},{\"id\":\"0\",\"name\":\"Anahtar teslim 2\",\"details\":\"teslim 2\",\"step_order\":\"2\",\"status\":\"0\"}]');
/*!40000 ALTER TABLE `gp_employee_works_templates` ENABLE KEYS */;
UNLOCK TABLES;

--
-- Table structure for table `gp_employee_works_validation_requests`
--

DROP TABLE IF EXISTS `gp_employee_works_validation_requests`;
/*!40101 SET @saved_cs_client     = @@character_set_client */;
/*!40101 SET character_set_client = utf8 */;
CREATE TABLE `gp_employee_works_validation_requests` (
  `id` int(11) NOT NULL AUTO_INCREMENT,
  `work_id` int(11) NOT NULL,
  `employee_requested_from` int(11) NOT NULL,
  `employee_requested_to` int(11) NOT NULL,
  `status` tinyint(1) NOT NULL,
  `date_added` datetime NOT NULL,
  PRIMARY KEY (`id`)
) ENGINE=InnoDB DEFAULT CHARSET=utf8;
/*!40101 SET character_set_client = @saved_cs_client */;

--
-- Dumping data for table `gp_employee_works_validation_requests`
--

LOCK TABLES `gp_employee_works_validation_requests` WRITE;
/*!40000 ALTER TABLE `gp_employee_works_validation_requests` DISABLE KEYS */;
/*!40000 ALTER TABLE `gp_employee_works_validation_requests` ENABLE KEYS */;
UNLOCK TABLES;

--
-- Table structure for table `gp_employees`
--

DROP TABLE IF EXISTS `gp_employees`;
/*!40101 SET @saved_cs_client     = @@character_set_client */;
/*!40101 SET character_set_client = utf8 */;
CREATE TABLE `gp_employees` (
  `id` int(11) NOT NULL AUTO_INCREMENT,
  `name` text NOT NULL,
  `nick` text NOT NULL,
  `email` text NOT NULL,
  `phone_1` varchar(100) DEFAULT NULL,
  `phone_2` varchar(100) DEFAULT NULL,
  `employee_group` int(11) NOT NULL,
  `tasks` text,
  `work_status` int(1) DEFAULT '0',
  `deleted` int(1) DEFAULT '0',
  PRIMARY KEY (`id`)
) ENGINE=InnoDB AUTO_INCREMENT=8 DEFAULT CHARSET=utf8;
/*!40101 SET character_set_client = @saved_cs_client */;

--
-- Dumping data for table `gp_employees`
--

LOCK TABLES `gp_employees` WRITE;
/*!40000 ALTER TABLE `gp_employees` DISABLE KEYS */;
INSERT INTO `gp_employees` VALUES (1,'GPTS Admin','@admin','admin@obarey.com','','',0,NULL,0,0),(2,'Emre zbek','@emreozbek','emreozbek@gitasgas.com','','',3,NULL,0,0),(3,'Hseyin zbek','@huseyinozbek','huseyinozbekk@gmail.com','','',1,NULL,0,0),(4,'Serpil Boyacolu','@serpilboyacioglu','serpilboyacioglu@gmail.com','','',4,NULL,0,0),(5,'Ahmet Ziya Kanbur','@amorey','ahmet@ahmet.com','05432390269','05432885',4,NULL,0,0),(6,'Michael','@mciko','mich@mich.com','','',4,NULL,0,1),(7,'ahan','@sahan','sahan@sahan.com','','',5,NULL,0,1);
/*!40000 ALTER TABLE `gp_employees` ENABLE KEYS */;
UNLOCK TABLES;

--
-- Table structure for table `gp_sub_task_definitions`
--

DROP TABLE IF EXISTS `gp_sub_task_definitions`;
/*!40101 SET @saved_cs_client     = @@character_set_client */;
/*!40101 SET character_set_client = utf8 */;
CREATE TABLE `gp_sub_task_definitions` (
  `id` int(11) NOT NULL AUTO_INCREMENT,
  `parent_task_id` int(11) NOT NULL,
  `task_id` int(11) NOT NULL,
  `task_order` int(11) NOT NULL,
  PRIMARY KEY (`id`)
) ENGINE=InnoDB AUTO_INCREMENT=7 DEFAULT CHARSET=utf8;
/*!40101 SET character_set_client = @saved_cs_client */;

--
-- Dumping data for table `gp_sub_task_definitions`
--

LOCK TABLES `gp_sub_task_definitions` WRITE;
/*!40000 ALTER TABLE `gp_sub_task_definitions` DISABLE KEYS */;
INSERT INTO `gp_sub_task_definitions` VALUES (4,7,1,1),(5,7,8,2),(6,7,9,3);
/*!40000 ALTER TABLE `gp_sub_task_definitions` ENABLE KEYS */;
UNLOCK TABLES;

--
-- Table structure for table `gp_task_groups`
--

DROP TABLE IF EXISTS `gp_task_groups`;
/*!40101 SET @saved_cs_client     = @@character_set_client */;
/*!40101 SET character_set_client = utf8 */;
CREATE TABLE `gp_task_groups` (
  `id` int(11) NOT NULL AUTO_INCREMENT,
  `name` text NOT NULL,
  PRIMARY KEY (`id`)
) ENGINE=InnoDB DEFAULT CHARSET=utf8;
/*!40101 SET character_set_client = @saved_cs_client */;

--
-- Dumping data for table `gp_task_groups`
--

LOCK TABLES `gp_task_groups` WRITE;
/*!40000 ALTER TABLE `gp_task_groups` DISABLE KEYS */;
/*!40000 ALTER TABLE `gp_task_groups` ENABLE KEYS */;
UNLOCK TABLES;

--
-- Table structure for table `gp_tasks`
--

DROP TABLE IF EXISTS `gp_tasks`;
/*!40101 SET @saved_cs_client     = @@character_set_client */;
/*!40101 SET character_set_client = utf8 */;
CREATE TABLE `gp_tasks` (
  `id` int(11) NOT NULL AUTO_INCREMENT,
  `group_id` int(11) NOT NULL,
  `name` text NOT NULL,
  `type` int(11) NOT NULL,
  `definition` text,
  `deleted` int(1) DEFAULT '0',
  PRIMARY KEY (`id`)
) ENGINE=InnoDB AUTO_INCREMENT=10 DEFAULT CHARSET=utf8;
/*!40101 SET character_set_client = @saved_cs_client */;

--
-- Dumping data for table `gp_tasks`
--

LOCK TABLES `gp_tasks` WRITE;
/*!40000 ALTER TABLE `gp_tasks` DISABLE KEYS */;
INSERT INTO `gp_tasks` VALUES (1,3,'Test i tanm',1,'hede',0),(3,3,'Paket i',2,'test defs',0),(7,3,'Paket i 2 test',2,'test defs',0),(8,3,'sub task test',1,'test def',0),(9,3,'sub task test2',1,'test def2',0);
/*!40000 ALTER TABLE `gp_tasks` ENABLE KEYS */;
UNLOCK TABLES;
/*!40103 SET TIME_ZONE=@OLD_TIME_ZONE */;

/*!40101 SET SQL_MODE=@OLD_SQL_MODE */;
/*!40014 SET FOREIGN_KEY_CHECKS=@OLD_FOREIGN_KEY_CHECKS */;
/*!40014 SET UNIQUE_CHECKS=@OLD_UNIQUE_CHECKS */;
/*!40101 SET CHARACTER_SET_CLIENT=@OLD_CHARACTER_SET_CLIENT */;
/*!40101 SET CHARACTER_SET_RESULTS=@OLD_CHARACTER_SET_RESULTS */;
/*!40101 SET COLLATION_CONNECTION=@OLD_COLLATION_CONNECTION */;
/*!40111 SET SQL_NOTES=@OLD_SQL_NOTES */;

-- Dump completed on 2019-01-31 18:53:39
